,index,id,score,len,label
0,1,1.1,0.8893643503756741,7,0
1,1,1.2,1.0545724480109733,14,1
2,1,1.3,1.0675123002538944,8,1
3,1,1.4,1.0968934119504916,15,1
4,1,1.5,1.1216453854380672,22,1
5,1,1.6,1.0280513923302346,9,0
6,1,1.7,1.0980608842620785,19,1
7,1,1.9,0.9852902820414279,4,0
8,1,1.10,1.0444211737813256,18,0
9,1,1.11,0.9307755520245621,5,0
10,1,1.12,0.9455559802558264,17,0
11,1,1.13,1.1085644722022114,17,0
12,1,2.1,0.9425193383652091,7,1
13,1,2.2,0.9731568732712746,4,1
14,1,2.3,1.0660136159221945,13,0
15,1,2.4,1.1115508779026821,29,1
16,1,2.5,1.0407929710236972,10,0
17,1,3.1,0.9864923096346132,6,1
18,1,3.2,1.1227997760972208,23,1
19,1,3.3,1.1064515780699813,13,1
20,1,3.4,1.1064053225997343,11,0
21,1,4.1,0.9196331712771354,3,0
22,1,4.2,1.0182534899341897,6,1
23,1,5.1,0.6902005495671595,2,0
24,1,5.2,0.9300781373974315,4,0
25,1,5.3,1.018258288422277,6,0
26,1,5.5,0.85643539286133,4,1
27,1,5.6,0.9277472717568112,5,0
28,1,6.1,0.5226873146959823,8,1
29,2,1.1,0.9106082361368989,9,1
30,2,1.2,1.0818960261955173,18,1
31,2,1.3,1.0516957958380622,13,1
32,2,1.4,1.0986716962587515,29,1
33,2,1.5,1.1296865805901657,16,1
34,2,1.6,1.0374333614129334,15,0
35,2,2.1,1.1084109197068641,4,0
36,2,2.2,0.9637634315729547,2,0
37,2,3.1,1.0519273481842442,4,0
38,2,4.1,0.9116599020766524,4,0
39,2,4.2,0.9416208451368555,5,0
40,2,5.1,1.1192819379794963,3,0
41,2,5.2,0.9590033146775381,13,1
42,2,5.3,0.9979303610906576,12,1
43,2,6.1,1.0664713295290218,2,0
44,2,6.2,1.1198292083125132,6,0
45,2,6.3,1.050925633333606,9,1
46,2,6.4,1.0001878031573967,6,0
47,2,6.5,1.1347422660492206,4,1
48,2,6.6,1.1200727840214624,19,1
49,2,7.1,1.1163261923871695,2,0
50,2,7.2,0.9634526867383714,4,0
51,2,7.3,1.042856317855743,3,0
52,2,7.4,0.7319003984655588,19,0
53,2,7.5,0.972924957084481,5,1
54,2,7.6,1.04285978171426,11,1
55,2,8.1,0.8521185056767581,3,0
56,2,8.2,0.94824851537334,4,0
57,2,8.3,0.5618947242685398,4,0
58,2,8.4,1.0480363200160243,2,0
59,2,8.5,1.1065668070499033,5,0
60,2,8.6,1.0710854176218318,3,0
61,2,9.1,1.1073351593530205,2,0
62,2,9.4,1.119727974219324,4,0
63,2,10.1,1.088005053647274,6,0
64,2,11.1,1.0232798266656649,7,1
65,2,11.2,0.5036300771403954,8,1
66,2,11.3,0.9494551147482012,10,0
67,2,11.4,1.023282906073053,17,1
68,2,11.5,0.966473938193733,25,0
69,2,12.1,0.9634725308243375,7,1
70,2,13.2,1.0981362938344597,7,0
71,2,13.3,1.0837245624451428,6,1
72,2,13.4,0.7319148327118883,3,0
73,2,14.1,1.0207458875321158,2,0
74,2,14.2,0.9317615886478089,6,0
75,2,14.3,1.0533376060680788,3,0
76,2,14.4,1.0150301969070195,18,0
77,2,14.5,1.08166646485848,12,0
78,2,14.6,0.7319190126633417,15,0
79,2,14.7,1.0150333354532735,3,0
80,3,1.1,1.0897331946955386,8,1
81,3,1.2,1.137593824478503,14,0
82,3,1.3,1.0865676806703082,8,1
83,3,1.4,1.159981616437384,13,1
84,3,1.5,1.156055524514314,11,1
85,3,1.6,1.129393554324313,3,1
86,3,1.7,0.9879884911896966,10,1
87,3,2.1,0.5466455555912708,3,0
88,3,2.2,0.9562510573966038,8,0
89,3,3.1,0.9879909528872209,12,0
90,3,3.2,0.9715633273024542,4,0
91,3,3.3,0.921135289103478,10,0
92,3,4.1,1.130069560400818,7,1
93,3,4.2,1.1241363449878223,7,0
94,3,5.1,0.7313868737218695,3,1
95,3,5.2,1.0689569138751558,16,0
96,3,5.3,0.9846957308265991,11,0
97,3,5.4,1.0835490518986233,13,1
98,3,5.5,1.0401320044104292,8,0
99,3,5.6,1.1273035235738322,9,0
100,3,5.7,0.7313903161730714,8,0
101,3,5.8,1.0401345896350422,14,0
102,3,6.1,1.03960760440793,18,0
103,3,6.2,1.1273070941464785,3,0
104,3,6.3,0.9695643139562349,9,0
105,3,6.4,1.1043427201013596,4,0
106,3,7.1,0.9211465758682417,9,0
107,3,7.2,0.675273538564943,6,0
108,3,7.3,0.9369538305876313,8,1
109,3,8.1,0.7120860058196921,9,0
110,3,8.2,0.4260050116771834,6,0
111,3,9.1,0.09033788201879481,7,0
112,3,9.2,0.7313955086212257,7,0
113,3,9.3,0.951841369717644,7,0
114,3,10.1,0.6778336641644438,8,0
115,3,10.2,0.9603025029750469,7,0
116,3,11.1,0.9089189833732519,9,1
117,3,12.1,1.1462738220915445,2,0
118,3,12.2,1.1541943580991916,9,0
119,3,12.3,1.1654858417972398,10,1
120,3,12.4,1.0394821993024428,8,0
121,3,12.5,0.953963374922917,13,0
122,3,12.6,1.0416325597714065,5,0
123,3,12.7,0.9903656482547107,5,0
124,3,12.8,0.7314014518763562,7,0
125,3,13.1,1.041634763030243,5,0
126,3,13.2,1.0661941719106687,11,0
127,3,14.1,1.1305108008715152,2,0
128,3,14.2,1.0421064062646919,5,0
129,3,14.3,1.1173833261257318,7,0
130,3,14.4,1.0798010676899148,17,0
131,3,14.5,0.9785402492724312,12,0
132,3,14.6,1.1180849874017298,10,0
133,3,14.7,1.0971938110896466,9,1
134,3,15.1,1.1184861204470489,2,0
135,3,15.2,1.089851003775824,5,0
136,3,15.4,1.0711947211740949,11,0
137,3,15.5,1.1422114770339848,4,0
138,3,15.6,1.0590699052158024,7,0
139,3,15.7,1.0595766476732476,10,0
140,3,16.1,1.111000959049755,9,0
141,3,16.2,0.8965431047296566,10,0
142,3,16.3,0.953151715947343,3,0
143,3,17.1,1.060045783267048,4,0
144,3,17.3,1.019838899872723,4,0
145,3,17.4,0.7843858392200609,6,0
146,3,17.5,1.1610675022267718,6,0
147,3,17.6,1.058200158953942,7,0
148,3,17.7,1.1130959174127824,20,0
149,3,17.8,1.0963412460359327,7,0
150,3,17.9,1.089241154610669,10,0
151,3,18.1,1.096879634003374,10,1
152,3,19.1,1.1444287026032751,4,0
153,3,19.3,1.1205056839675471,2,0
154,3,20.1,0.9092645801312171,3,0
155,3,20.2,0.9526662644472211,3,0
156,3,21.1,1.0153775676713996,8,0
157,3,21.2,1.1003770703752083,10,0
158,3,22.1,1.0926582514400534,8,0
159,3,23.1,1.068085071562344,8,0
160,3,23.2,1.0808479794713464,15,0
161,3,23.3,1.0870668733171323,15,0
162,3,24.1,0.9259485364086647,4,0
163,3,24.2,0.9117718219909023,9,0
164,3,24.4,0.9098779462335942,9,0
165,3,24.5,1.1391124119991474,12,0
166,3,25.1,1.1235764948159948,8,0
167,4,1.2,0.9716454054922128,11,1
168,4,1.3,1.0753112924336354,7,1
169,4,1.5,1.017608117445078,9,1
170,4,1.6,1.0558059531513684,9,1
171,4,1.7,1.049388425136152,4,1
172,4,1.8,0.9768760624116614,5,1
173,4,1.9,1.0845646069403518,6,1
174,4,1.10,0.9873791511774007,5,1
175,4,1.13,1.008414797376768,13,1
176,4,1.14,1.0801401740222958,7,0
177,4,2.1,0.8155994947227269,6,0
178,4,3.1,0.9264822136170604,6,0
179,4,3.2,1.0448439287042683,15,1
180,4,4.1,0.9620088841492517,6,0
181,4,4.2,0.7704326339976071,0,0
182,4,4.3,1.0840363366691408,13,0
183,4,4.4,1.020254433900107,3,0
184,4,4.5,1.0623240703983434,7,0
185,4,4.6,1.0660808086486648,12,0
186,4,5.1,1.045560853334526,2,0
187,4,5.2,1.0584897339307529,20,1
188,4,5.3,1.0785693066660365,12,1
189,4,6.1,1.072193761355292,3,0
190,4,7.1,0.8924401730681232,2,0
191,4,7.2,0.9268167975560685,19,1
192,4,7.3,0.9943630884210009,14,1
193,4,7.4,1.0368811927744748,7,1
194,4,7.5,1.0456916689612168,15,1
195,4,7.6,1.051835198224723,13,1
196,4,7.7,1.0274039976598703,7,1
197,4,7.8,1.0281187458326924,5,1
198,4,7.9,0.8818784843922652,15,0
199,4,7.10,0.8798284855607492,5,0
200,4,7.11,0.8739772023788722,9,0
201,4,8.1,1.0669915194505868,15,0
202,4,8.2,1.0640714527326005,2,0
203,4,8.3,1.0045119237780007,19,1
204,4,8.4,0.649596482154368,13,0
205,4,9.1,1.0045143852200407,7,0
206,4,9.2,1.0539250098252242,4,0
207,5,1.1,1.070193041302404,17,1
208,5,1.2,1.0327298942724192,11,1
209,5,1.3,1.0686422830263915,9,1
210,5,1.4,1.1025208262344979,3,1
211,5,1.5,0.9387703856705603,0,1
212,5,1.6,0.7912684134574279,6,1
213,5,1.7,0.9512982770068584,8,1
214,5,1.8,0.9264795986759583,4,0
215,5,1.9,1.0302508033055031,12,1
216,5,1.10,1.0752447888802616,2,0
217,5,1.11,1.0243292946995517,4,0
218,5,1.12,0.9973442920967134,4,0
219,5,2.1,1.1216816624933001,9,0
220,5,3.2,0.9973462249780845,18,0
221,5,3.3,0.15000000000000002,7,0
222,5,3.5,1.0822885446712622,10,0
223,5,3.6,0.7893225869518213,5,1
224,5,3.8,1.0414388101569434,6,0
225,5,4.1,1.0913373815019125,9,1
226,5,4.2,0.9266442198202758,6,0
227,5,4.3,1.1007166696250172,4,0
228,5,4.4,1.0256432510288798,8,0
229,5,4.5,0.8847753166155525,18,1
230,5,4.6,0.834025303212503,2,0
231,5,5.1,1.0793924470706768,4,0
232,5,5.3,1.117316305381066,11,1
233,5,5.4,1.0509001905460569,7,1
234,5,5.5,1.094565335848237,10,1
235,5,5.6,1.0894715629009497,6,1
236,5,6.1,1.0360008944132753,4,0
237,5,6.2,0.4244503799545866,3,0
238,5,7.1,1.0815508924961938,2,0
239,5,7.2,0.9667872973783709,6,0
240,5,7.3,1.0499534651178406,13,0
241,5,7.4,1.0815535395651517,11,0
242,5,8.1,1.0126524553103482,2,0
243,5,8.2,1.0935504143894337,3,0
244,5,8.3,1.0827996160592308,10,0
245,5,8.4,0.9981775155903749,11,0
246,5,8.5,0.9192669983955439,16,0
247,5,8.6,1.0690457473520527,3,0
248,5,9.1,1.0962250546191288,4,0
249,5,10.1,1.0691400901934998,4,0
250,5,10.2,0.9351794882502592,3,0
251,5,11.1,0.15000000000000002,14,1
252,5,11.2,1.0701482630553403,8,1
253,5,11.3,1.0853525613282669,9,0
254,5,11.4,0.98286124343872,12,0
255,5,12.1,1.1012151448377532,4,0
256,5,12.3,0.795265731246995,4,0
257,5,13.1,0.9062772154860032,5,0
258,5,13.2,0.6440841715570795,7,0
259,5,13.3,1.0855863078568546,7,0
260,5,14.1,1.1145500468295881,6,1
261,5,14.2,1.0630256321801814,9,1
262,5,14.3,1.074479504483331,9,1
263,5,15.1,1.0335013998183475,4,0
264,5,15.2,1.0613688520493514,2,0
265,5,15.3,1.0515103226894453,9,1
266,5,15.4,1.0171502260708285,12,1
267,5,15.5,0.9769042916423163,8,1
268,5,16.1,1.0645304066572432,16,0
269,5,16.2,1.1031681801799338,6,0
270,5,16.3,0.5305346794181565,11,0
271,5,16.4,0.9812253033716603,16,1
272,5,16.5,1.0898025215249225,7,1
273,5,16.6,1.0045979882316551,10,1
274,5,16.7,1.0659266280309212,15,1
275,5,16.10,1.0756020918435882,8,1
276,5,16.11,0.9812287234233681,8,1
277,5,17.1,0.7757176038030769,17,1
278,5,17.2,0.6891762068501186,6,1
279,5,17.3,1.0121340235731546,3,0
280,5,17.5,1.117666019583887,14,1
281,5,17.6,1.1073807187547482,2,0
282,5,17.8,0.6891782520994867,10,1
283,5,17.9,1.0842671953382557,3,0
284,5,17.10,1.0871275353622138,4,0
285,5,17.11,1.107383496452371,2,0
286,5,17.12,1.0912716852779285,17,0
287,5,17.13,1.039343056595373,8,1
288,5,17.14,0.9812358128359907,18,1
289,5,17.15,0.9812366628282192,7,0
290,5,17.16,0.7757238871470247,10,1
291,5,17.17,1.0877462688195179,4,0
292,5,17.18,1.029804080042138,4,0
293,5,18.1,1.0759847598235823,1,0
294,5,18.2,1.1048509422043398,7,0
295,5,19.2,0.9812404789662179,18,0
296,5,19.3,0.9143664498330768,5,0
297,5,19.4,0.948090292788059,5,0
298,6,1.1,1.0504924336757193,14,1
299,6,1.2,1.0543418036464178,7,0
300,6,1.3,1.0351729603801911,2,0
301,6,1.4,0.9472163314478492,6,0
302,6,1.5,0.15000000000000002,12,1
303,6,1.6,1.0653798930449547,7,0
304,6,2.1,1.0683834622976356,5,1
305,6,2.2,0.9982042007745348,7,0
306,6,2.3,1.0777576792039758,15,1
307,6,2.4,0.8300930187949345,6,0
308,6,3.1,0.928974672513744,5,0
309,6,4.1,0.6156661073720938,2,0
310,6,4.2,1.043555364567073,5,0
311,6,4.3,1.0971696250226595,7,0
312,6,4.4,1.0475827464566612,15,0
313,6,4.5,1.0681573781545506,6,0
314,6,4.7,1.012370741158714,7,0
315,6,4.8,1.039835449488196,12,0
316,6,5.1,1.0534109577220971,7,1
317,6,5.2,1.0066543239999914,9,1
318,6,6.1,0.9855201389855176,8,0
319,6,7.1,1.0393088099753376,3,0
320,6,7.3,1.0845682173013746,3,0
321,6,7.4,0.5419543020795324,4,0
322,6,8.1,0.9027459097367554,4,1
323,6,9.1,1.0857314875163038,5,1
324,6,10.1,0.968235736823868,3,0
325,6,10.2,1.0266852450512283,4,0
326,6,10.3,1.048013212768021,8,0
327,7,1.1,1.1556812798275966,9,1
328,7,1.2,1.0378866266193358,15,0
329,7,1.3,0.6278207055258966,6,0
330,7,1.4,1.1167902488936674,13,1
331,7,2.1,1.1482056626807364,12,1
332,7,2.2,1.046710802265656,2,0
333,7,3.1,1.1155083994365456,5,1
334,7,3.3,1.0570572290234752,3,0
335,7,3.5,1.1655960217561026,5,0
336,7,3.6,0.9772807388171559,7,1
337,7,4.1,1.0209126220907292,10,0
338,7,4.2,0.7397995883058531,5,0
339,7,5.1,1.1155175268479642,11,1
340,7,5.2,1.0570661448123189,11,0
341,7,6.1,1.1656061177464152,4,0
342,7,6.3,0.9772899826975803,1,0
343,7,6.4,1.1448350224845512,3,0
344,7,6.5,1.1561115251803624,15,0
345,7,7.1,1.0523422803487184,5,1
346,7,7.2,1.1516688695471116,10,0
347,7,7.3,1.045443725248799,23,0
348,7,8.1,0.8614295621809124,2,0
349,7,8.2,0.7356791068627198,5,0
350,7,8.3,0.7356810085996128,4,0
351,7,8.4,0.8308135202081569,8,0
352,7,9.1,1.0989113535162158,10,1
353,7,9.2,1.0053280265072138,8,0
354,7,9.3,1.0372273893677737,8,0
355,7,9.4,0.9985650185879005,3,0
356,7,10.1,0.8904056828281623,2,0
357,7,10.2,1.1011854297952834,10,0
358,7,10.4,1.121618755053282,8,0
359,7,10.5,1.1169476648335737,8,0
360,7,10.6,1.1575973549299388,3,0
361,7,10.7,0.7929459624301581,10,0
362,7,10.8,1.0989294301124213,11,1
363,7,10.9,0.9626532981018787,9,1
364,7,11.1,1.0687126988379267,10,0
365,7,11.2,0.9437410125250522,12,1
366,7,12.1,1.166709230124631,4,0
367,7,12.2,1.1415562675819726,19,1
368,7,12.3,0.9971969980679174,6,0
369,7,13.1,1.0834745266235053,4,0
370,7,13.2,1.0352845186855317,6,0
371,7,14.1,0.6407979056777915,2,0
372,7,15.1,0.6865664711101748,8,1
373,7,16.1,1.0282708564562162,3,0
374,7,16.2,0.6641576788072238,7,0
375,7,16.3,0.6404608721791696,7,1
376,7,17.1,1.0876225827227581,11,0
377,8,1.1,0.9066353436424206,4,1
378,8,1.2,1.1113876476327427,6,1
379,8,1.3,1.1176675856752492,10,1
380,8,1.4,1.1340309695688053,3,1
381,8,1.5,1.1578352086726036,4,1
382,8,1.6,0.7988340410154119,13,1
383,8,1.7,1.0863619611322797,3,1
384,8,1.8,0.9789008003549663,11,0
385,8,1.9,1.071469260864387,4,1
386,8,1.10,0.9510846029233828,3,1
387,8,1.11,1.1679556487344276,3,1
388,8,1.12,1.1464383759540542,3,1
389,8,1.13,1.0268001641453384,5,1
390,8,1.14,1.1236644512636762,5,0
391,8,1.15,1.0294302579613512,7,1
392,8,1.25,0.6236832180994787,4,0
393,8,1.26,0.6960448843876472,12,1
394,8,1.27,1.079004712584501,19,1
395,8,1.28,0.7369300209476098,4,1
396,8,1.29,0.6798718724859126,9,1
397,8,1.31,1.081211565671047,4,1
398,8,1.32,0.7355605694632028,7,1
399,8,1.33,0.7369338422004561,6,1
400,8,1.34,1.0975716689370603,3,0
401,8,1.35,1.1167640761205688,11,0
402,8,1.36,1.1375342296695874,10,0
403,8,1.37,1.0458084364652402,5,0
404,8,2.1,1.0980596952129469,2,0
405,8,2.2,0.7956088549211048,5,1
406,8,2.3,0.7355662473639569,1,0
407,8,2.4,1.137539632506349,13,0
408,8,2.5,1.0458136672293221,12,0
409,8,2.6,1.098064827346442,8,0
410,8,2.7,0.9235978613803029,10,0
411,8,2.8,1.0929917044900517,8,0
412,8,2.9,1.1744413207583855,4,0
413,8,2.10,1.046703044111502,11,0
414,8,2.11,1.160387991075885,7,0
415,8,3.1,1.1366125390946067,6,0
416,8,3.2,0.995334020227986,15,0
417,8,3.3,1.1963871198542795,12,0
418,8,3.4,1.1103921635312337,6,0
419,8,3.5,0.9886740541063248,3,0
420,8,3.6,0.9831659639770511,7,0
421,8,3.7,0.919036196370515,9,0
422,8,4.1,1.1324855701709986,14,1
423,8,4.2,0.9472558062638539,14,1
424,8,4.3,1.0581746204358655,8,0
425,8,4.4,1.0753692584434131,4,1
426,8,4.6,0.6469156122041813,5,1
427,8,4.7,0.6633319915107656,10,1
428,8,4.8,1.092930288449173,21,1
429,8,4.10,1.1076681544928286,8,1
430,8,4.11,1.0075817569130925,11,1
431,8,5.1,1.0390272563826368,4,0
432,8,6.1,1.130971231156046,4,0
433,8,6.3,0.9800028920210166,5,1
434,8,7.1,1.1495829557320356,4,0
435,8,8.2,1.0373857412274625,5,0
436,8,8.3,0.8859175660661495,5,0
437,8,8.4,0.918778017475857,18,0
438,8,8.5,0.8983094982196419,3,1
439,8,8.6,0.9588827854861337,16,1
440,8,8.7,0.8339051108403157,5,1
441,8,9.1,1.0597091514243293,5,1
442,9,1.1,0.734382790531564,13,0
443,9,1.2,1.0260824433267928,13,0
444,9,1.3,1.1219106117988944,18,1
445,9,1.4,1.0340388249573387,12,1
446,9,1.5,1.012383233814941,23,1
447,9,1.6,1.0911725119183546,17,0
448,9,2.1,0.7298869281300646,4,0
449,9,3.1,1.0285153124433863,8,0
450,9,3.2,0.8440148577419354,17,0
451,9,3.3,0.9094968980481685,10,0
452,9,3.4,0.9664268336968015,28,1
453,9,4.1,0.9911754531517055,10,0
454,9,5.1,1.050888982021175,10,1
455,9,5.3,0.8680046239921304,1,1
456,10,1.1,0.8550959195587955,3,1
457,10,1.2,0.8251330068657846,8,1
458,10,1.3,1.0194668092729882,5,0
459,10,1.4,1.0318559361022048,5,1
460,10,1.5,1.0695954907872127,3,1
461,10,1.6,1.0583705239288326,7,1
462,10,1.7,1.0434064527872975,12,1
463,10,1.8,1.0750795917200864,6,1
464,10,2.1,1.060482500268815,2,1
465,10,2.2,0.9785229249488052,7,0
466,10,3.1,1.068584840977378,11,0
467,10,3.2,1.0812977014832592,4,0
468,10,3.3,0.8576903394505684,11,1
469,10,3.4,0.7298732698695279,7,1
470,10,4.1,1.052085327461058,15,1
471,10,4.2,1.0619614026558857,10,1
472,10,4.3,1.0345554164207884,7,1
473,10,4.4,1.0080819883852488,2,1
474,10,5.1,0.8426580832389279,5,1
475,10,6.1,1.0041384175408046,6,0
476,10,7.1,1.1043981235113214,8,1
477,10,8.1,0.993418083260565,6,0
478,10,8.2,0.9291271718330567,4,0
479,10,9.1,1.0210614256151715,13,1
480,10,10.1,1.0704507024276095,4,0
481,10,10.2,1.0171932607552114,6,0
482,10,10.3,1.1269243349860212,7,0
483,10,10.4,1.0484223022407804,12,0
484,10,11.1,1.1054410412421718,5,1
485,10,11.2,1.0843024586190573,9,1
486,10,12.1,1.004354532450741,3,0
487,10,12.2,1.033818631984826,11,1
488,10,12.3,1.0257075105074127,12,1
489,10,12.4,1.0432507240698268,7,1
490,10,12.5,1.0240613115145676,11,1
491,10,12.6,1.0571420035751327,13,1
492,10,13.1,1.064367910407976,4,0
493,10,13.2,1.1139981003444313,4,1
494,10,13.3,0.9591450205495284,7,1
495,10,13.4,0.8779216772443855,6,1
496,10,13.5,1.0099214861393992,4,0
497,10,14.1,0.9874860500500765,12,1
498,10,15.1,0.8426808651778375,2,1
499,10,15.2,1.0420748744385742,5,0
500,10,15.3,0.9943077699641241,2,0
501,10,16.1,1.0693756593913541,7,1
502,10,16.2,1.0479510020661196,8,0
503,10,16.3,0.34543509503827985,8,0
504,10,16.4,0.9418369767261069,6,0
505,10,16.5,1.0786972964855688,2,0
506,11,1.1,1.0394627412815454,7,1
507,11,1.2,1.0804535699780642,6,1
508,11,1.3,1.0466151058988977,10,1
509,11,2.1,1.0198839401957054,6,1
510,11,3.1,0.8421061716147581,19,0
511,11,4.1,0.9908195585248789,2,0
512,11,4.2,1.1092000476876724,6,1
513,11,4.3,1.021829578274867,16,0
514,11,5.1,0.9328946672067732,10,0
515,11,6.1,1.0417155828501885,8,0
516,11,6.2,1.0755158265462856,4,1
517,11,6.3,1.0382931665170072,14,0
518,11,6.4,1.1219600418391509,9,1
519,11,6.5,1.0611325611392979,11,0
520,11,6.6,1.0970158738222484,3,0
521,11,7.1,1.0951330449251926,19,0
522,11,7.2,1.0135549597739446,5,0
523,11,7.3,1.0371529290350812,18,0
524,11,7.4,1.0181338407259508,7,0
525,11,7.5,1.0376727635701837,13,0
526,11,7.6,1.0252764750741157,12,0
527,11,7.7,1.0511542099555466,13,0
528,11,8.1,1.0658116042367338,8,0
529,11,8.2,1.1056123682762997,1,0
530,11,8.3,0.9668307361130661,10,0
531,11,8.4,0.8911799040296803,9,0
532,11,8.5,1.0228732041108248,8,0
533,11,9.1,0.9945789500793338,7,1
534,11,9.2,0.8421347092756478,6,1
535,11,9.3,1.0334128966856506,2,1
536,11,9.4,0.996104289505004,10,1
537,11,9.5,1.0756294760772809,6,0
538,11,9.6,1.04768396121286,7,0
539,11,9.7,0.3196590552544538,4,0
540,11,9.8,0.9477818889404891,8,0
541,11,9.9,1.0693474346040985,6,0
542,11,9.10,0.9668450841004407,20,0
543,11,9.11,0.8185316426946987,10,0
544,11,9.12,0.9291594885429659,21,0
545,11,9.13,0.9609022467826527,6,0
546,11,9.14,0.9435399818499519,13,0
547,12,1.1,0.8324237954840655,13,0
548,12,1.2,1.0324758057154853,9,1
549,12,1.3,1.1297396968243354,3,1
550,12,1.4,0.7989071119235331,9,1
551,12,1.6,1.1666732885337208,13,1
552,12,1.7,0.5913119031761892,4,1
553,12,1.8,1.0936741974053743,9,1
554,12,1.9,1.1352301135546052,5,0
555,12,1.10,1.140121704888553,2,1
556,12,1.11,1.083996523027031,5,1
557,12,1.12,1.103749393315864,12,1
558,12,1.13,1.1526685884627672,8,0
559,12,2.1,1.1188294680662785,5,1
560,12,2.2,1.158405033960253,2,1
561,12,2.3,1.07969849733309,14,1
562,12,2.4,1.172237498374746,30,1
563,12,2.5,1.0215988694343738,7,0
564,12,3.1,1.1390629139427655,4,0
565,12,3.2,1.0907065278294583,7,1
566,12,3.4,1.1388783406544905,9,0
567,12,3.5,1.1664365640102927,11,1
568,12,3.6,1.1458260787160182,7,0
569,12,3.7,1.0781863466875912,3,0
570,12,3.8,-0.01575553860683132,4,0
571,12,3.9,1.0967167968586984,7,0
572,12,3.10,1.1126425315301518,4,0
573,12,4.1,0.7285309714262026,8,1
574,12,4.2,1.047805994417903,11,1
575,12,4.3,1.0358090639884774,6,1
576,12,4.4,0.864355863302926,11,1
577,12,4.5,0.9930467646352577,8,0
578,12,4.6,0.2702049579509261,5,1
579,12,4.7,0.8931668619230572,2,0
580,12,4.8,0.613072300419949,7,0
581,12,4.9,0.8880435511437654,16,0
582,12,4.11,0.8368585912109594,4,0
583,12,5.1,1.0887116562914751,5,0
584,12,5.2,0.9352121074627742,8,0
585,12,5.3,1.1231910553089475,7,0
586,12,6.1,1.022446557582333,3,0
587,12,6.2,1.0651057516524476,7,0
588,12,7.1,1.0866062866345425,2,0
589,12,7.2,1.0224118662230992,4,0
590,12,7.3,0.9878477885400634,4,0
591,12,7.4,1.0089163439154576,4,0
592,12,7.6,1.0236925262002479,5,0
593,12,7.7,0.9679497370376785,5,0
594,12,7.8,1.0857300157917673,5,0
595,12,7.10,1.026205250176687,3,0
596,12,8.3,0.7972159452129071,35,0
597,12,8.4,1.0527916180595671,4,0
598,12,8.5,1.1143801014585355,5,0
599,12,9.1,1.0538980439555004,6,0
600,12,10.1,1.0045735794922597,6,0
601,12,11.1,0.8520084589760565,4,0
602,12,11.2,1.1267820231369954,16,1
603,12,11.3,1.149078315871226,23,1
604,12,12.1,1.0602235491314351,23,0
605,12,12.2,0.9794751231167119,19,0
606,12,12.3,1.0214851802817861,10,0
607,12,12.4,1.110245501779783,5,0
608,12,13.1,1.0924272359521803,8,0
609,12,13.2,1.0811615452870176,21,0
610,12,14.1,1.0059261149639895,5,0
611,12,14.2,0.9679642463732719,11,0
612,13,1.1,1.0600946209390556,3,0
613,13,1.2,0.9877933012181679,22,1
614,13,1.3,0.9864898163934502,8,1
615,13,1.4,1.0107379173719626,9,1
616,13,1.5,1.0492134368878072,8,1
617,13,1.6,0.9372222556444129,5,1
618,13,1.7,1.0950652620993875,12,1
619,13,1.8,1.0131679162886833,2,1
620,13,1.9,0.7681806294005205,6,1
621,13,1.10,1.033399294760658,11,1
622,13,1.11,1.0998287673786906,4,1
623,13,1.12,1.0385657029946889,2,1
624,13,1.15,0.9980371135782602,4,1
625,13,1.17,0.8292247036484901,12,1
626,13,1.18,1.1190085357439572,3,1
627,13,2.1,1.141626727141714,14,1
628,13,2.2,1.0666778702477702,2,0
629,13,3.1,0.9332115830766021,6,1
630,13,3.2,1.0266275532400226,2,0
631,13,3.3,1.0919244830167838,10,0
632,13,3.4,1.1037165356336778,6,0
633,13,3.5,1.0662473172976035,7,0
634,13,4.2,0.9970892395814822,6,1
635,13,4.3,0.9372471818998991,3,1
636,13,4.4,0.7424552938157475,5,0
637,13,4.5,0.980753165392117,4,0
638,13,4.6,1.0710384962232737,4,0
639,13,4.7,1.1408461670483732,3,0
640,13,4.8,1.0952471590840078,14,0
641,13,4.9,1.0625120845610616,6,0
642,13,5.1,1.0854173294729113,3,0
643,13,6.1,1.0690152188604718,4,1
644,13,6.2,0.6925428700837057,5,1
645,13,6.3,0.33366990520802886,4,1
646,13,6.4,0.9496487915519582,11,1
647,13,6.5,1.026761969445832,4,1
648,13,6.6,1.0745702554094922,6,0
649,13,6.8,1.035956610278423,6,0
650,13,6.9,1.0916483436483269,10,0
651,13,6.11,0.943324391627109,12,0
652,14,1.1,1.026356224197909,3,0
653,14,1.2,1.1533496274970045,10,1
654,14,1.3,1.0846037975294158,5,1
655,14,1.4,1.0979182491515107,13,1
656,14,1.5,1.1403439450983694,2,0
657,14,1.6,1.107077866262118,7,0
658,14,1.7,1.115824273675508,4,0
659,14,1.8,0.8051444744221483,4,0
660,14,1.10,0.939036277543163,4,0
661,14,1.12,1.102036300437203,4,0
662,14,1.13,0.8709562899874905,3,0
663,14,2.1,1.0103946094089316,23,1
664,14,2.2,1.0710696199282486,6,1
665,14,2.3,1.120558176230189,13,1
666,14,2.4,1.0513162559080782,10,0
667,14,3.1,1.144327248714006,3,0
668,14,3.2,0.4864942444861898,10,1
669,14,3.3,1.0257588149836119,8,0
670,14,3.4,0.903590843046062,2,0
671,14,4.1,1.1193419808035743,4,0
672,14,4.2,1.1003273780325769,5,0
673,14,4.3,1.1193870925039735,5,1
674,14,4.4,1.0706393298013004,1,0
675,14,5.1,0.8770243621212434,2,0
676,14,5.2,1.0622826357197575,4,0
677,14,5.3,0.9894587741706905,5,1
678,14,5.4,1.036574289771111,5,0
679,14,5.5,0.8891664931461011,1,0
680,14,5.6,1.1311978496787367,1,0
681,14,5.7,0.9997209080430939,13,0
682,14,5.8,0.5826918401090355,12,0
683,14,5.9,0.9787016847435175,8,0
684,14,6.1,1.088099096481729,8,0
685,14,7.1,1.0895022204933333,6,0
686,14,8.1,1.168373502727921,17,0
687,14,8.2,0.9916385914300495,5,0
688,14,8.3,0.17244590389505274,29,0
689,14,8.4,0.8446659203887071,2,0
690,14,8.5,1.0071663822801824,4,0
691,14,8.6,1.009068012869982,13,0
692,14,8.7,1.0254059560509226,2,0
693,14,8.8,1.07016115554313,15,0
694,14,8.9,1.0845611648474265,4,0
695,14,9.1,1.1280743962406796,8,1
696,14,9.2,0.8051792062747292,4,0
697,14,10.1,1.0736659082194269,5,1
698,14,10.2,1.024123315271391,6,1
699,15,1.1,1.0828400166869612,14,1
700,15,1.2,1.174365847780006,3,1
701,15,1.3,1.1698188450476206,7,0
702,15,2.1,1.1528325893534839,1,1
703,15,3.1,0.8457806404679794,1,1
704,15,4.1,1.1435435762988693,4,0
705,15,5.1,1.087318488594657,7,1
706,15,6.1,0.9332328952099804,2,0
707,15,6.2,1.0229786435122277,8,0
708,15,7.1,0.9548738565735053,3,1
709,15,7.2,1.0652039362823593,10,1
710,15,7.3,1.1964521014901086,4,1
711,15,7.4,0.9507220691481553,6,1
712,15,7.5,1.2250920598329023,4,0
713,15,8.1,0.9442934816067496,4,0
714,15,8.2,0.9979770208533072,5,0
715,15,8.4,1.075896725970705,9,1
716,15,8.5,1.203252177430333,6,1
717,15,8.6,0.2697389774490588,14,1
718,15,9.1,1.0224806106600306,7,0
719,15,9.2,1.1397732689907318,2,0
720,15,9.3,1.0831738680459413,12,1
721,15,9.4,0.7991060577970549,6,0
722,15,9.6,0.7200675031770197,7,0
723,15,9.8,1.0224860318353661,10,0
724,15,9.11,1.1397791178653822,14,0
725,15,9.13,1.0831794309116483,4,0
726,15,9.15,0.7991108974773293,7,0
727,15,9.18,1.0679663452124006,19,0
728,15,9.19,1.1894541370237244,19,0
729,15,9.21,1.1392593110109588,8,0
730,15,9.23,1.0908564045597744,10,0
731,15,9.26,0.9454158776286705,14,0
732,15,9.29,1.0969813969958868,15,0
733,15,9.30,1.1327686950790383,5,0
734,15,9.31,0.7037141399687076,9,0
735,15,9.33,1.0760570117591777,13,0
736,15,9.35,0.7055151718266326,5,0
737,15,9.37,0.8613787349474293,3,0
738,15,9.42,1.013536315544099,21,0
739,15,9.44,0.7613710494757719,3,0
740,15,9.46,1.1704769214320216,7,0
741,15,9.47,0.9881121420402365,5,0
742,15,9.48,1.0945721174093321,6,0
743,15,9.49,1.1143563079369647,6,0
744,15,9.50,1.0513447081854197,4,0
745,15,9.51,1.1621304667918064,5,0
746,15,9.52,1.0884497949476613,5,0
747,15,9.53,1.0313733226470059,3,0
748,15,9.56,1.1012583978769093,7,0
749,15,9.61,1.0490815610668403,12,0
750,15,9.62,0.05475965487978579,8,0
751,15,9.63,0.9230047319303162,2,0
752,15,9.64,1.0760605683624271,5,0
753,15,9.65,0.657937523736073,9,0
754,15,9.66,0.926394629969409,9,0
755,15,9.67,0.7887380847772034,7,0
756,15,9.68,1.1699159492759756,7,0
757,15,9.69,0.8026840995962757,7,0
758,15,10.1,0.7773895632149767,4,0
759,15,10.2,1.109574650420901,5,0
760,15,10.3,1.085555651234015,7,0
761,15,11.1,0.9284119997764855,8,0
762,15,11.2,1.1353826338937605,4,0
763,15,12.1,1.1968080906009013,7,1
764,15,12.2,1.2311746878241157,6,1
765,15,12.3,1.0521888065822929,21,1
766,15,12.4,0.9804517865972574,15,1
767,16,1.1,1.0796893188671124,2,0
768,16,1.2,1.0313247056134922,12,1
769,16,1.3,1.0487719857676185,15,1
770,16,1.4,1.0247614496555153,4,1
771,16,1.5,0.07913973813513762,5,0
772,16,1.6,0.8777271329098543,7,0
773,16,1.7,1.0490322056153185,8,0
774,16,1.8,0.6227285127262212,3,0
775,16,1.9,0.9048987680926518,4,0
776,16,1.10,0.7760138051542342,4,0
777,16,1.11,1.1743471509231576,4,0
778,16,1.12,0.7586698448095176,3,0
779,16,1.13,0.7808444918161265,3,0
780,16,1.14,1.1156521421323113,3,0
781,16,1.15,1.0691153861051592,5,0
782,16,1.16,0.967771632739023,3,0
783,16,1.17,1.1131071143996736,4,0
784,16,1.18,1.1571934823473744,4,0
785,16,1.19,1.1838766299808894,3,0
786,16,1.20,0.9919151937072871,3,0
787,16,1.21,0.9117990660970428,6,0
788,16,1.22,1.1797396999758445,5,0
789,16,1.23,1.136742637697815,6,0
790,16,1.24,0.9015029052523325,6,0
791,16,1.25,1.1104805608352422,3,0
792,16,1.26,1.0016072492702137,3,0
793,16,1.27,1.046309127619288,4,0
794,16,1.28,1.1162373553687863,4,0
795,16,1.29,1.1534822570943026,3,0
796,16,1.30,1.1809232273160655,6,0
797,16,1.31,1.0173496795328227,6,0
798,16,1.32,1.1104894161420038,6,0
799,16,1.33,1.0016153457721013,5,0
800,16,1.34,1.188200381626812,6,0
801,16,1.35,1.125670538511193,6,0
802,16,1.36,0.7298346077818525,4,0
803,16,1.37,0.8818812256940973,4,0
804,16,1.38,0.9228203529222677,5,0
805,16,1.39,0.787942958853815,5,0
806,16,1.40,0.9067855888019902,4,0
807,16,1.41,0.8315217235319652,3,0
808,16,1.42,1.1449656326339825,4,0
809,16,1.43,0.8535813177614002,3,0
810,16,1.44,0.8879548688442014,3,0
811,16,1.45,0.9873856735351074,5,0
812,16,1.46,0.9896467670823734,5,0
813,16,1.47,0.9299549702861065,3,0
814,16,1.48,0.9686749762065501,3,0
815,16,1.49,0.877032756638171,3,0
816,16,1.50,1.059118328585186,3,0
817,16,2.1,1.1295216317191974,2,0
818,16,2.2,1.0373006334140205,5,1
819,16,2.3,0.9723136040596438,3,0
820,16,2.4,1.165431726799612,5,0
821,16,2.5,1.19523805609637,5,0
822,16,2.6,1.123626931564352,3,1
823,16,2.7,1.1599370157890707,3,1
824,16,2.8,1.060930530186035,6,0
825,16,3.1,1.1166194398080003,12,1
826,16,3.2,1.0691604573385112,23,1
827,16,3.3,0.9678099970459209,11,1
828,16,4.1,1.0370489284417728,22,1
829,16,4.2,1.043712205848163,13,1
830,16,4.4,1.0896480744020844,4,1
831,16,4.5,0.829668321655021,6,1
832,16,4.6,0.8881321524758609,12,1
833,16,5.1,1.2081998209282379,6,1
834,17,1.1,0.5996378980445412,15,1
835,17,1.2,1.131114501678037,5,0
836,17,1.3,1.1539406494777062,8,1
837,17,2.1,0.955746562446955,4,0
838,17,2.2,0.9852101599286756,9,1
839,17,3.1,1.0599346154038753,7,1
840,17,3.2,1.080756463681046,7,1
841,17,3.3,0.9865413807486825,6,0
842,17,3.4,1.0024155338257386,6,0
843,17,3.5,1.147676610229687,5,0
844,17,3.6,0.932415111744548,3,1
845,17,3.7,0.9642507481930451,6,0
846,17,4.1,1.0151253299503067,9,1
847,17,4.2,0.8478457358296748,9,1
848,17,4.3,1.137255282196948,5,0
849,17,4.4,0.7762141121411332,16,1
850,17,5.1,1.0891622896281847,4,0
851,17,5.2,1.0506822936271973,6,1
852,17,5.3,0.7694744573541206,5,0
853,17,5.4,0.9924821176077158,2,0
854,17,5.5,1.121216408297672,7,0
855,17,6.1,1.0909932909849855,1,0
856,17,6.2,1.1917655734443038,8,0
857,17,7.1,1.1148455983137358,7,1
858,17,8.1,0.9740836307495804,4,0
859,17,8.2,1.0087239496210532,5,1
860,17,9.1,0.803626073884962,5,0
861,17,10.1,1.1211891502977478,9,1
862,17,10.2,0.7503028917167777,12,0
863,17,11.1,1.181226927822677,4,0
864,17,11.2,1.1316250871785667,12,1
865,17,11.3,1.0867431511886498,2,0
866,17,12.1,0.9918041642185312,4,1
867,17,12.2,1.1091023326026648,2,0
868,17,13.1,1.0954412969860048,7,1
869,17,13.2,0.757344620892032,10,1
870,17,13.3,0.6763876546344516,7,1
871,17,14.1,0.7630624631178082,4,0
872,17,14.2,0.8613911690605573,8,1
873,17,14.3,0.9594747456203156,2,0
874,17,14.4,1.078015814700164,1,0
875,17,15.1,0.784737092336071,3,0
876,17,16.1,0.9845082284950835,5,0
877,17,17.2,0.9866262822837797,7,1
878,17,17.3,1.0897652523388226,12,1
879,17,17.4,0.9659695012467768,8,1
880,17,17.5,0.8439092961398038,10,0
881,17,17.6,0.8476880257086793,5,1
882,17,17.7,0.9423115813436974,6,0
883,17,17.8,0.9046127900596055,9,0
884,17,18.1,0.8340190334535332,4,0
885,17,18.2,0.9141612592830649,4,1
886,17,18.3,0.8478690875378487,3,0
887,17,18.4,1.1372889925143181,5,1
888,17,18.5,1.0897729692378784,4,0
889,17,18.6,0.9169471467547441,7,0
890,17,18.7,1.0009756224235402,6,1
891,17,18.8,1.0169125564375388,10,0
892,17,18.9,1.038223234302274,1,0
893,17,18.10,1.2262658096864607,14,0
894,17,19.1,1.0073371010640861,12,1
895,17,19.2,1.1763600280614925,7,0
896,17,19.3,1.180232861635648,8,0
897,17,20.1,1.0294391746418183,8,0
898,17,20.2,1.046610384603088,12,0
899,17,20.3,1.0707348057667638,20,0
900,17,20.4,0.9080664165495299,10,0
901,17,20.5,1.1531002090160505,14,1
902,17,20.6,1.0505225239089158,21,0
903,17,21.1,1.0296710413109462,7,1
904,17,21.2,1.0095727493354762,9,0
905,17,21.3,1.1567436538984723,7,1
906,17,22.1,1.1180946132545984,3,1
907,17,22.2,1.1281062116452336,6,0
908,17,22.3,0.9295950286916369,3,0
909,17,22.4,1.0503261526296488,2,0
910,17,22.5,1.0059552509029623,3,0
911,17,22.6,0.7686612652805145,3,0
912,17,22.7,0.8479661286597561,6,0
913,17,22.8,1.1677423419654196,3,0
914,17,22.9,1.0842961192598821,9,0
915,18,1.1,1.1081220567780212,4,0
916,18,1.2,1.0515117550401256,2,0
917,18,1.3,0.96120376858536,7,1
918,18,1.4,1.0109494342697918,5,0
919,18,1.5,0.9989209866771651,3,0
920,18,1.6,1.0714605729817657,6,0
921,18,1.7,0.9298572939114113,4,0
922,18,1.8,0.9464254049079643,5,0
923,18,1.10,1.0652519946246544,2,0
924,18,1.11,1.0222145599751646,4,0
925,18,1.16,0.7419065742911929,10,1
926,18,1.17,0.802084870736243,6,1
927,18,1.18,1.1184806806041407,2,1
928,18,1.19,1.0630764303439504,9,0
929,18,2.1,1.091350398173957,6,0
930,18,3.1,1.1095126824066042,14,0
931,18,3.2,1.0109700335367244,4,0
932,18,3.3,0.882304457884734,8,0
933,18,4.1,0.8784558460897595,3,0
934,18,4.3,0.8900743907033545,8,0
935,18,4.4,1.064219403802757,9,0
936,18,4.5,0.6033521694317747,6,1
937,18,4.6,1.005678516956989,12,0
938,18,5.1,1.0878826194193558,4,0
939,18,6.1,1.0109816316801945,2,0
940,18,6.2,1.0540649301697187,6,1
941,18,6.3,1.0455879197419753,8,0
942,18,6.4,1.0530297098180488,4,1
943,18,6.5,1.0932958956614587,2,0
944,18,7.1,1.017844910849754,5,0
945,18,7.2,1.0195908081931773,10,1
946,18,7.4,0.870106191930138,8,0
947,18,8.1,0.9173161681949783,4,0
948,18,8.2,0.9388006433729156,10,0
949,18,8.3,1.0020518512677885,9,0
950,18,8.4,1.1008999281283853,7,1
951,18,8.5,1.0816755173554609,3,1
952,18,8.6,1.0109995646269267,1,0
953,18,9.1,1.0429876431570346,8,1
954,19,1.1,1.0188355031469294,6,1
955,19,1.2,0.8561011940697829,6,1
956,19,1.3,1.1296826435790481,9,0
957,19,2.2,0.5546568984900291,16,1
958,19,2.3,0.9423303642745676,13,1
959,19,2.4,1.0139737985927022,13,0
960,19,2.5,0.9926524480002386,11,0
961,19,2.6,0.965591201095647,6,0
962,19,2.7,0.670011310426725,5,0
963,19,2.8,0.9495980619964927,14,1
964,19,2.9,1.0713027468371186,0,0
965,19,2.10,1.1055095149638463,6,0
966,19,3.1,0.9104116797934628,3,0
967,19,3.2,1.1034880135068408,6,1
968,19,3.3,1.0928221344240074,6,1
969,19,3.4,1.1546670463647457,3,0
970,19,3.5,1.1002044845804062,3,0
971,19,3.6,1.2095491601377142,5,0
972,19,3.7,0.9130145793262989,4,0
973,19,3.8,1.0222992295686537,14,1
974,19,3.9,1.0044586917435816,7,0
975,19,3.10,1.0509049968983692,22,1
976,19,4.1,1.1436958907174393,16,1
977,19,5.1,0.9768052635172693,4,0
978,19,5.3,0.7985725989770156,10,1
979,19,5.4,1.1317279196338665,11,1
980,19,5.5,0.3800920581453412,7,1
981,19,5.6,0.9887571050933242,7,0
982,19,5.7,0.9118453045084378,13,0
983,19,5.8,1.0595940471045953,7,0
984,19,5.9,1.1166749495704578,6,0
985,19,6.1,1.146562788264057,4,0
986,19,6.3,1.026166939025657,9,0
987,19,6.4,1.1680712611397754,4,0
988,19,6.5,1.0215613922945816,7,0
989,19,7.1,1.092411692582416,14,1
990,19,7.2,0.8877975074733544,2,0
991,19,8.1,0.859753436566605,7,1
992,19,8.2,0.3800953311548888,4,1
993,19,8.3,1.141593049222414,6,0
994,19,8.4,1.0754418744124088,2,0
995,19,8.5,1.1717521778039095,5,0
996,19,9.1,1.1752010678299607,4,0
997,19,9.2,1.195108693208872,6,0
998,19,10.1,1.1736421770085173,23,1
999,19,10.2,1.1039184054187692,3,1
1000,19,11.1,1.0475547396557412,3,1
1001,19,11.2,1.098541585927756,6,1
1002,19,11.3,1.17000172291741,6,1
1003,19,12.1,0.15000000000000002,3,1
1004,19,12.2,0.9882076510319403,2,0
1005,19,13.1,0.5335914280257669,4,0
1006,20,1.2,1.0706801370273682,19,1
1007,20,1.3,0.9943740152598702,11,1
1008,20,1.4,1.071851592354524,4,0
1009,20,1.5,1.1112569543772612,14,1
1010,20,1.6,1.1274511504654592,7,1
1011,20,1.7,1.0992448297936448,3,1
1012,20,1.8,1.0317958487481267,5,1
1013,20,2.2,1.0305179427721693,9,1
1014,20,2.3,1.027697909645049,6,1
1015,20,2.4,1.0883516279458405,12,1
1016,20,2.5,0.15000000000000002,6,0
1017,20,2.6,0.8950290305062818,8,1
1018,20,2.7,0.5156889565942196,7,0
1019,20,2.8,1.0033845488087603,5,0
1020,20,2.9,0.8964009756986292,8,0
1021,20,2.10,0.6850474026789443,4,0
1022,20,2.11,0.9811245493600644,8,0
1023,20,3.1,1.0190717435335728,4,0
1024,20,3.2,0.9237622889538696,7,1
1025,20,4.1,1.0589375855265981,4,0
1026,20,4.2,1.0706303071399454,4,1
1027,20,5.1,1.1275880900993651,4,0
1028,20,5.2,1.078110278690135,5,1
1029,20,6.2,0.9826794391316034,10,0
1030,20,6.3,1.085769266063471,6,0
1031,20,7.2,1.0753802255818212,6,0
1032,20,7.3,0.9709307798658718,5,0
1033,20,7.4,1.056723334757621,7,0
1034,20,8.2,0.952568625802172,5,1
1035,20,8.3,1.003872809171709,4,1
1036,20,8.4,0.9409410667487631,6,0
1037,20,8.5,0.9826918418553261,5,0
1038,20,9.1,0.8966465594351173,4,1
1039,20,9.2,0.829204804623933,4,0
1040,20,9.3,1.0717310770456803,4,1
1041,21,1.1,1.0471071249498514,16,1
1042,21,2.1,1.0347905240154551,4,0
1043,21,3.1,0.9079451583863553,7,0
1044,21,3.2,0.9828065939820588,7,0
1045,21,3.3,0.9909478618611235,9,1
1046,21,4.1,0.6352557528267356,23,1
1047,21,4.2,0.7999712050028313,11,1
1048,21,4.3,1.0076162965687034,10,1
1049,21,5.1,0.984034360316396,8,1
1050,21,5.2,1.0313860857657007,10,0
1051,21,5.3,0.9639345557002889,9,0
1052,21,6.1,0.9716580036028164,4,0
1053,21,7.1,1.0628689245313003,17,1
1054,21,7.2,1.0087362801293656,4,1
1055,21,7.3,1.054964803576822,6,1
1056,21,8.1,0.9930066724596809,6,0
1057,22,1.1,1.0537783177253743,13,0
1058,22,1.3,1.1401057462928912,13,1
1059,22,1.5,1.036022200834299,2,1
1060,22,1.6,1.0077765347429541,3,1
1061,22,1.7,1.1181858449912303,3,1
1062,22,1.9,1.2126517790247187,3,1
1063,22,1.12,1.1413934968597612,6,1
1064,22,1.13,1.1844797409323622,5,0
1065,22,1.14,1.040841998173749,4,1
1066,22,1.16,1.085503634592379,8,1
1067,22,1.17,1.1806858548690586,3,1
1068,22,1.18,1.140111858614771,4,0
1069,22,1.19,1.2052690625969316,8,0
1070,22,1.21,1.0771922964358254,5,0
1071,22,1.22,1.1682156938425883,4,0
1072,22,1.23,1.006155768428195,4,0
1073,22,1.24,1.223996505381673,5,0
1074,22,1.25,1.177937443799903,6,0
1075,22,1.27,0.7574456849488911,9,0
1076,22,1.28,1.1727335823298937,3,0
1077,22,1.29,1.0331448180434593,3,0
1078,22,1.30,1.0818006444953499,11,0
1079,22,1.31,1.0935128376429029,3,0
1080,22,1.33,1.1650863559723628,4,0
1081,22,1.35,0.9945044679126964,3,0
1082,22,1.37,1.0649739980752009,6,0
1083,22,1.39,1.0101334894434064,4,0
1084,22,1.40,0.9788740871532163,2,0
1085,22,1.41,0.8655156070117418,2,0
1086,22,1.42,1.1758659633372357,2,0
1087,22,1.43,1.137528011373,2,0
1088,22,1.44,1.1910448702277416,3,0
1089,22,1.46,1.2264371314674496,5,0
1090,22,1.47,1.1077467759043884,8,0
1091,22,1.49,1.294443020638346,5,0
1092,22,1.50,0.6399648424122821,4,0
1093,22,1.51,1.0606948838208266,4,0
1094,22,1.52,1.1238588100808278,5,0
1095,22,1.53,0.8328752783294725,6,0
1096,22,1.55,0.9956468998018468,9,0
1097,22,1.56,0.9570957277728733,3,0
1098,22,1.57,1.1022228784210477,3,0
1099,22,1.58,0.45698937256246724,11,0
1100,22,1.59,0.6680885682886439,3,0
1101,22,1.61,0.6079120180359892,4,0
1102,22,1.63,0.6680900394382873,3,0
1103,22,1.65,0.6079134693631061,6,0
1104,22,1.67,1.0430741343404648,3,0
1105,22,1.68,0.8170389605936909,4,0
1106,22,1.69,0.865521332251177,2,0
1107,22,1.70,1.1758742113822414,2,0
1108,22,1.71,1.137535358559568,2,0
1109,22,1.72,1.1910521744036409,2,0
1110,22,1.73,1.2264456326684852,2,0
1111,22,1.75,1.1077549605224024,4,0
1112,22,1.76,1.2944518211697331,4,0
1113,22,1.77,0.6399684089612367,3,0
1114,22,1.78,1.0607012837337342,8,0
1115,22,1.80,1.1238659982080916,5,0
1116,22,1.81,0.8328803758225513,4,0
1117,22,1.82,0.995653687375348,4,0
1118,22,1.83,0.9571000531221415,5,0
1119,22,1.84,1.102229857174827,6,0
1120,22,1.86,0.9735776563188518,9,0
1121,22,1.87,0.4569933175453889,3,0
1122,22,1.88,0.6680937970771412,3,0
1123,22,1.89,0.6079171518400459,11,0
1124,22,1.90,0.6680951673171078,3,0
1125,22,1.92,0.6079185015676669,4,0
1126,22,1.94,1.1197608021005596,3,0
1127,22,1.96,1.207481134818552,6,0
1128,22,1.98,1.1030714885625077,3,0
1129,22,1.99,0.8378791474908734,4,0
1130,22,1.100,0.8655279442709977,2,0
1131,22,1.101,1.175883110882081,2,0
1132,22,1.102,1.1375435719595473,2,0
1133,22,1.103,1.1910604759673697,2,0
1134,22,1.104,1.2264549815919668,6,0
1135,22,1.105,1.1077636074494224,5,0
1136,22,1.106,1.2944615004176079,4,0
1137,22,1.107,0.6399724388284833,4,0
1138,22,1.108,1.0607087180423906,5,0
1139,22,1.109,1.123874116551136,6,0
1140,22,1.111,0.8328860792310309,9,0
1141,22,1.112,0.9956611637102227,3,0
1142,22,1.113,0.9571054932468475,3,0
1143,22,1.114,1.1022380855980642,11,0
1144,22,1.115,0.9735835432200322,4,0
1145,22,1.116,0.45699702078709414,4,0
1146,22,1.119,0.66809897269467,3,0
1147,22,1.120,0.6079220769264286,2,0
1148,22,1.122,0.6681002444819467,4,0
1149,22,1.123,0.6079233279733537,4,0
1150,22,1.124,0.9671752819818734,3,0
1151,22,1.125,1.1758902813629093,3,0
1152,22,1.127,1.1375500248247967,5,0
1153,22,1.128,1.1910668989012967,6,0
1154,22,1.129,1.2264623162274324,5,0
1155,22,1.130,1.1077706531869083,4,0
1156,22,1.131,1.2944691188512483,4,0
1157,22,1.132,0.6399756198853355,5,0
1158,22,1.133,1.06071435053554,6,0
1159,22,1.135,1.1238803167788323,9,0
1160,22,1.136,0.7166206068065301,3,0
1161,22,1.137,0.9956669158700053,3,0
1162,22,1.138,0.9571094065219973,11,0
1163,22,1.139,1.1197732637731188,4,0
1164,22,1.140,1.2074947442785375,4,0
1165,22,1.143,1.1030828377976691,3,0
1166,22,1.144,0.837888358342611,6,0
1167,22,1.145,1.0430936027563764,5,0
1168,22,1.146,0.8170531286362265,4,0
1169,22,1.147,0.9671812864046078,4,0
1170,22,1.148,1.1758980878692058,5,0
1171,22,1.149,1.137557021142396,6,0
1172,22,2.1,1.1910741516511383,19,1
1173,22,3.1,1.226469946372072,6,1
1174,22,3.2,1.1077778442440225,2,1
1175,22,3.3,1.29447683094424,2,1
1176,22,3.4,0.6399786530077914,3,1
1177,22,3.5,1.060721324337416,3,1
1178,22,3.8,1.1238863838052113,22,1
1179,22,3.9,0.7166248049597657,12,1
1180,22,3.10,0.9956725688704519,4,1
1181,22,3.12,0.9571144216561216,5,0
1182,22,3.14,0.9671851947824958,6,0
1183,22,3.15,1.1759033705169193,3,0
1184,22,3.17,1.1375618878241158,5,0
1185,22,3.19,1.1910791565272345,3,0
1186,22,3.20,1.2264752856217513,4,0
1187,22,3.22,1.107782833991065,3,0
1188,22,3.23,1.1727716825919345,5,0
1189,22,3.24,1.1432632135765792,3,0
1190,22,3.25,0.9452734711041549,6,0
1191,22,3.26,0.15000000000000002,3,0
1192,22,3.28,0.3676711367929232,5,0
1193,22,3.30,0.15000000000000002,3,0
1194,22,3.31,1.2580762576127102,4,0
1195,22,3.33,1.1220531426359353,17,0
1196,22,4.1,1.1790924727083767,4,0
1197,22,4.3,0.5390254715819278,17,1
1198,22,5.1,1.1257614110117453,3,0
1199,22,5.2,0.15000000000000002,4,0
1200,22,5.3,0.6288599851234169,12,0
1201,22,5.4,0.7923325201293692,4,0
1202,22,6.1,0.6960470835460099,14,1
1203,23,1.1,1.2903613291619491,4,0
1204,23,1.2,1.148607196543073,8,1
1205,23,1.3,0.7206192400054621,3,1
1206,23,1.4,1.1642260352778169,6,1
1207,23,1.5,1.0511485374084604,12,1
1208,23,1.6,1.0728413860114743,20,1
1209,23,1.7,1.0800045763571038,2,1
1210,23,1.10,1.1579878926790483,8,1
1211,23,1.11,0.9560716523845509,10,1
1212,23,1.12,1.0239227706929728,5,1
1213,23,1.13,0.9728118830772955,14,1
1214,23,1.14,0.9530452865455622,3,1
1215,23,1.15,0.8755103139737651,3,0
1216,23,1.17,1.20839613802144,12,0
1217,23,1.18,1.1383644320229749,4,0
1218,23,1.19,1.1731659337848268,9,0
1219,23,1.20,1.2700151440969987,9,0
1220,23,1.21,1.1704867856063124,8,0
1221,23,1.22,1.351704203733457,2,0
1222,23,1.23,0.6424180161097393,3,0
1223,23,1.24,1.049629380041693,13,0
1224,23,1.25,1.1594851395663146,11,0
1225,23,2.1,0.8354725727231451,6,0
1226,23,3.1,1.0448030989495756,12,1
1227,23,3.2,0.9003685391639151,7,1
1228,23,3.3,1.1111735821611548,6,1
1229,23,3.4,0.5777090991701753,3,0
1230,23,3.5,0.8065804857902082,4,0
1231,23,4.1,0.7738563585026942,12,1
1232,23,4.2,0.8065841173726886,9,1
1233,23,5.1,0.7738598978074478,2,0
1234,23,5.2,1.0495551417703926,12,0
1235,23,5.4,0.8035435520120018,7,0
1236,23,5.6,0.8755250529712796,6,0
1237,23,5.8,1.2084177349635787,3,0
1238,23,5.10,1.1383835431459959,4,0
1239,23,5.12,1.1731848210767226,3,0
1240,23,5.14,1.270037026734426,8,0
1241,23,5.15,1.1705076182936032,11,0
1242,23,5.16,1.3517265836834924,8,0
1243,23,5.17,0.6424266570484021,7,0
1244,23,5.18,1.0496455894873031,3,0
1245,23,5.19,1.1595031663770854,5,0
1246,23,5.20,0.8354851988351902,5,0
1247,23,5.21,1.0448199195137167,8,0
1248,23,5.22,0.900379176267495,9,0
1249,23,6.2,1.1111907601425712,3,0
1250,23,7.1,0.922649627343064,2,0
1251,23,7.2,0.5777185335040443,4,0
1252,23,8.1,0.8065930912133034,10,0
1253,23,8.2,0.7738685836855885,6,0
1254,23,9.1,0.8065962107111467,6,1
1255,23,10.1,0.7738716198256874,4,0
1256,24,1.1,1.064522130763036,16,0
1257,24,1.2,1.0907098359062126,16,0
1258,24,1.3,1.0004781438888877,13,1
1259,24,1.4,1.0960161567621087,18,1
1260,24,1.5,1.14630665989058,3,0
1261,24,1.7,1.1429864838390351,2,1
1262,24,1.8,0.9923270479496856,3,1
1263,24,1.9,1.09615796977082,5,1
1264,24,1.11,1.1192159451683197,3,1
1265,24,1.13,1.109562548408157,2,1
1266,24,1.14,1.1313722688727985,6,0
1267,24,1.15,0.8202694615599826,10,0
1268,24,1.16,0.9625648413461468,7,0
1269,24,1.17,0.9113707592984055,5,1
1270,24,1.18,0.8904559914000909,3,1
1271,24,2.1,1.0308002811132666,5,0
1272,24,2.2,0.8692927704939987,4,0
1273,24,2.3,0.9511120978251697,9,0
1274,24,2.4,0.8523079447473386,5,0
1275,24,2.5,0.9297545985077488,9,0
1276,24,2.6,1.039404366827928,30,0
1277,24,2.7,1.1376155916323691,5,0
1278,24,2.8,1.1208853020741123,8,0
1279,24,2.9,1.0246264430371812,3,0
1280,24,2.10,1.065636932091986,4,0
1281,24,2.11,1.0575553182883977,7,0
1282,24,2.12,0.6098608171510402,10,0
1283,24,2.13,0.9483269317590742,7,0
1284,24,3.1,1.1204576794296188,4,0
1285,24,5.1,1.1372170541133335,3,1
1286,24,5.2,0.7065471840393174,8,0
1287,24,6.1,1.0246335658427863,4,0
1288,24,7.1,1.0656443389723878,10,0
1289,24,8.1,1.0575623078467693,4,0
1290,24,9.1,0.6098655408192141,3,1
1291,24,9.2,0.9483336587271803,14,1
1292,24,9.3,0.8185178279958221,13,1
1293,24,10.1,1.0638285328464328,25,1
1294,24,10.2,1.1198047542447407,16,0
1295,24,11.2,1.1707417674626934,5,0
1296,24,13.1,1.1068900230812735,6,0
1297,24,14.1,0.9749090530539376,14,0
1298,24,14.2,1.1276024014192618,6,0
1299,24,15.1,1.0149650913091768,3,0
1300,24,16.1,1.0771883567240799,6,0
1301,24,17.1,1.1093941758276906,4,0
1302,24,18.1,0.7956336555940712,4,0
1303,24,19.1,0.70655638016062,4,0
1304,24,19.3,0.9942892411534372,6,1
1305,24,19.5,1.1195090492914428,3,1
1306,24,19.7,1.1131611228498537,3,1
1307,24,19.8,0.9515382653702553,3,1
1308,24,19.10,0.9483475315887321,1,1
1309,24,19.12,0.8519497919353828,13,1
1310,24,19.14,0.8167200674902236,3,1
1311,24,19.15,1.0236790163534004,3,1
1312,24,19.18,1.0695666894030276,8,0
1313,24,19.19,1.0254174892242227,7,0
1314,24,19.20,0.7961146452945391,5,0
1315,24,19.21,0.9661081930598604,4,0
1316,24,19.22,1.1009669777405056,5,0
1317,24,19.23,0.8244098231036281,5,0
1318,24,19.25,0.8772350209750024,3,0
1319,24,20.1,1.077595070935055,3,0
1320,24,20.2,1.0681759611760568,3,0
1321,24,20.3,0.9422545532923792,11,0
1322,24,20.4,0.9298292801869431,7,0
1323,24,21.1,0.9752166197841055,3,0
1324,24,21.2,0.9745463770942084,3,0
1325,24,22.1,1.0886296495540928,10,0
1326,24,23.1,1.0650911299673593,5,0
1327,24,23.2,1.0952042226181007,11,0
1328,24,23.4,1.014698476710643,12,0
1329,24,23.5,1.184576522104186,17,0
1330,25,1.1,0.9052276965086962,23,1
1331,25,1.2,0.872789130910294,12,1
1332,25,2.1,1.087973290883702,3,1
1333,25,2.2,1.126054262552249,3,0
1334,25,2.3,1.0722777827683496,7,0
1335,25,3.1,0.8036732280456731,3,1
1336,25,3.2,1.01696438691636,9,1
1337,25,3.3,1.1473697627750568,17,0
1338,25,4.1,0.8725629070313796,20,1
1339,25,4.2,0.9333556282990783,9,1
1340,25,4.3,1.108097499952427,8,0
1341,25,5.1,1.13322272771729,13,1
1342,25,6.1,0.9984560504293297,4,0
1343,25,7.2,0.9952873538236319,1,1
1344,25,7.3,1.0271352609359372,11,1
1345,25,8.1,1.0008011301955984,7,1
1346,25,8.2,1.099801620086625,11,1
1347,25,9.1,1.097154950000932,4,0
1348,25,10.1,1.1059742834454864,3,0
1349,25,10.2,1.0529398547293098,11,1
1350,25,10.3,1.2189678489257667,3,0
1351,25,10.4,1.1123068685752062,9,0
1352,25,11.1,1.1406697915261974,16,1
1353,25,11.2,0.9891793852550157,6,0
1354,25,12.1,0.9247561479113509,4,0
1355,25,12.2,0.6457983538413601,7,0
1356,25,12.3,0.7681804705394306,5,1
1357,25,12.4,0.4749354234577731,8,1
1358,25,12.5,0.9298818212869311,7,1
1359,25,12.6,0.8556622299634603,16,1
1360,25,12.7,1.1542006113953294,9,1
1361,25,13.1,0.9298851557506944,10,0
1362,25,13.2,1.1774463221412281,21,0
1363,25,13.3,0.9298879033240259,22,0
1364,25,13.4,0.980161293486848,11,0
1365,25,14.1,1.1282003977265582,12,1
1366,25,14.2,1.1506509106872818,21,1
1367,25,14.3,1.205659370642314,2,1
1368,25,14.4,1.008184099244871,8,1
1369,25,14.5,1.1073117842128042,8,1
1370,25,14.6,1.14555177051498,8,0
1371,25,15.1,1.1452210296647054,10,1
1372,25,15.2,1.0617343992583397,8,1
1373,25,16.1,0.8164652794145023,4,0
1374,25,17.1,1.0758795399294905,4,0
1375,25,18.1,0.9298999736552568,3,0
1376,25,18.2,1.070051298132156,16,1
1377,25,18.4,1.0502699303750542,2,0
1378,25,18.5,1.1282102353556316,2,0
1379,25,18.6,0.700881654855952,3,0
1380,25,18.7,1.073181394646614,9,0
1381,25,19.1,1.0981591014324317,4,0
1382,25,20.1,0.4466599699388066,3,0
1383,25,20.2,1.1588257975607732,4,1
1384,25,21.1,0.9680790221899874,3,1
1385,25,21.2,0.8799947078682101,14,1
1386,25,21.3,0.7728138344466721,5,0
1387,26,1.1,1.244284187209065,5,0
1388,26,1.2,1.2004150148091708,4,0
1389,26,1.3,1.0759603494035617,7,0
1390,26,1.4,0.9988301645572627,9,1
1391,26,1.5,1.1731519751127997,6,1
1392,26,1.6,1.07568320911183,7,1
1393,26,1.7,1.2077287773016319,10,1
1394,26,1.8,1.1907464209267622,3,1
1395,26,2.1,1.1065410236474646,5,0
1396,26,3.1,1.1643690300025882,4,0
1397,26,3.2,1.1293824791245388,9,1
1398,26,3.4,1.2007242351328187,9,0
1399,26,3.5,0.96653862602475,2,0
1400,26,3.6,0.4037920749424861,4,0
1401,26,3.8,1.1309328399895557,8,0
1402,26,3.9,1.1569624470088065,5,0
1403,26,3.11,1.159962651619006,2,0
1404,26,3.14,0.9665411877940021,3,0
1405,26,3.18,0.34613880505682,6,0
1406,26,3.20,1.1483223248211025,5,0
1407,26,4.1,0.7230376563127829,5,0
1408,26,4.2,0.8902198560135024,12,1
1409,26,4.3,1.221254410371004,10,0
1410,26,4.4,1.2245105121190858,2,0
1411,26,4.5,1.1998951628811874,9,0
1412,26,4.6,1.0427494295287167,9,0
1413,26,4.7,1.1449532965688918,12,0
1414,26,4.8,1.1543855541947199,10,0
1415,26,4.9,1.1627128231357786,4,0
1416,26,4.10,1.1769056417076444,9,0
1417,26,4.11,1.1176195274128373,7,0
1418,26,4.12,0.8673428485237282,2,0
1419,26,4.13,1.225218763589889,10,0
1420,26,4.14,1.2462608549438738,6,0
1421,26,5.1,1.2656272802052868,4,0
1422,26,5.2,1.2423613768462838,4,0
1423,26,5.3,1.091983716445856,8,0
1424,26,5.4,1.0957164059378308,2,0
1425,26,5.6,0.8685830696649944,9,0
1426,26,5.7,1.1274229389959518,2,0
1427,26,5.8,1.1455558910510122,4,0
1428,26,5.10,1.21275949099422,8,0
1429,26,5.11,1.1163796473988603,5,0
1430,26,5.13,0.9665529017988138,2,0
1431,26,5.20,0.966553692956227,6,0
1432,26,5.22,0.3461422279788875,5,0
1433,26,5.24,1.184852608434868,12,0
1434,26,5.25,0.26017122900716805,10,0
1435,26,5.26,0.5708864408208254,2,0
1436,26,5.27,0.7230467102928367,9,0
1437,26,5.28,0.8902313749869224,9,0
1438,26,5.29,0.9665557250932096,12,0
1439,26,5.30,1.1361746867145222,10,0
1440,26,5.32,1.154143068351516,4,0
1441,26,5.33,0.8982320408834844,9,0
1442,26,5.34,1.207116391222764,7,0
1443,26,5.35,0.46945407507082565,2,0
1444,26,5.37,0.6662863343617313,10,0
1445,26,5.38,0.3794281261764446,6,0
1446,26,6.1,1.174038824530748,11,0
1447,26,7.1,1.122555789187767,4,0
1448,26,7.2,1.1892908754235134,6,0
1449,26,7.3,1.1395660357827055,3,0
1450,26,7.4,1.1825326208897322,3,0
1451,26,7.5,0.8568719792853011,5,0
1452,26,7.6,1.1719201197231062,16,1
1453,26,7.7,1.1214490318992048,4,0
1454,26,7.8,1.134110706329046,14,0
1455,26,7.9,0.5267282644785194,7,0
1456,26,7.11,0.8795627389894544,1,0
1457,26,7.12,0.9532830333380226,2,0
1458,26,7.13,0.9071222383386208,11,0
1459,26,7.14,0.7229179257351338,11,0
1460,26,7.16,0.9995854065690466,9,0
1461,26,7.17,0.9207737736177719,2,0
1462,26,7.18,0.8600496472123975,4,0
1463,26,7.20,1.1719251210965904,8,0
1464,26,7.25,1.1321508690416673,6,0
1465,26,7.27,1.198286353214118,11,0
1466,26,8.1,0.6951040539714015,13,1
1467,26,8.2,1.110996426686342,8,0
1468,26,8.3,1.1575613461240368,25,1
1469,26,8.4,0.6100432567526808,3,0
1470,26,8.5,1.1503035966747523,2,0
1471,26,8.6,1.2099117389104772,7,1
1472,26,8.7,1.0036733796531814,10,1
1473,26,8.8,1.1220550411740255,7,1
1474,26,8.9,1.208956168832029,5,1
1475,26,9.1,0.35416234423445836,1,0
1476,26,10.1,1.1010705792887046,4,0
1477,26,10.2,1.108847552540526,12,1
1478,26,10.3,1.1214597161222803,17,0
1479,26,10.4,0.961837990476439,3,0
1480,26,11.1,1.0400009659387062,4,0
1481,26,12.1,0.988807678420514,4,0
1482,26,12.2,0.5267337360098656,6,0
1483,26,12.3,0.8795721435667351,29,1
1484,26,12.4,0.9532929246307169,6,0
1485,26,12.5,0.907130710608142,7,0
1486,26,13.1,0.7229254993543636,12,1
1487,26,13.2,0.9995954764510641,8,1
1488,26,14.1,0.8600585481809314,2,0
1489,26,15.1,1.1321613134429842,2,0
1490,26,15.2,1.1982974189259554,9,0
1491,27,1.1,0.6632721393880217,4,0
1492,27,1.3,0.37405589162767355,3,0
1493,27,1.4,1.18033461578122,21,1
1494,27,1.5,1.133291392739737,5,0
1495,27,2.1,1.1906387050460037,9,1
1496,27,3.1,1.1558748237407532,7,0
1497,27,4.1,1.1883656002628054,3,0
1498,27,4.2,0.8425782386432586,11,1
1499,27,4.3,1.1801410694726844,9,0
1500,27,5.1,1.1436390177148903,6,0
1501,27,5.2,1.1381138649767975,2,0
1502,27,6.1,0.6149960442774645,13,0
1503,27,6.2,0.9438785203522059,9,0
1504,27,6.3,0.9681915265040475,4,0
1505,27,7.1,0.9122952269696776,10,0
1506,27,7.2,0.806159550004089,7,0
1507,27,8.1,1.010090804994416,4,0
1508,27,8.2,0.9427144994389918,4,0
1509,27,9.1,0.9504408542233099,6,0
1510,27,10.1,1.1801570018506764,8,0
1511,27,10.2,1.1452236104761035,6,0
1512,27,10.3,1.221881099286196,10,0
1513,27,10.4,0.7549212701824358,12,0
1514,27,11.1,1.1154972996687356,4,1
1515,27,11.2,1.177090750879965,17,1
1516,27,11.3,0.6685125578253763,6,1
1517,27,12.1,1.1840644061365828,12,0
1518,27,12.2,1.2113746494194135,9,0
1519,27,12.3,1.0155789329746785,12,0
1520,27,12.4,1.1427807226245719,10,0
1521,27,13.1,1.2077821629167156,5,0
1522,27,13.2,0.33315313337448615,7,0
1523,27,13.3,1.115721002738677,2,0
1524,27,14.1,1.122540550847415,12,0
1525,27,14.2,1.1436722233293635,5,1
1526,27,15.1,0.9300204621890612,2,0
1527,27,16.1,1.0750272281214746,22,1
1528,27,17.1,0.9956915529404048,5,0
1529,27,17.2,0.6150128190079756,13,0
1530,27,17.3,0.9439073532646237,8,0
1531,27,18.1,0.9682217106299772,4,0
1532,27,18.2,0.9123210044801908,6,0
1533,27,18.3,0.8061825669675765,2,0
1534,27,18.4,1.0101213963219795,4,0
1535,27,18.5,0.9504677284636754,17,0
1536,27,18.6,1.1452551006238623,5,0
1537,27,18.7,1.2219143880760832,6,0
1538,27,19.1,0.754939741928775,4,0
1539,27,20.1,1.1155274790325937,3,1
1540,27,21.1,1.177122731469769,4,1
1541,27,21.2,0.6685277375471399,2,0
1542,27,21.3,1.1840954680282647,2,0
1543,27,22.1,1.2114064237600353,5,0
1544,28,1.1,0.7378349533414764,4,0
1545,28,1.2,0.7782898612599586,8,0
1546,28,1.3,1.1042502818285311,5,0
1547,28,1.4,1.0608369251198535,52,1
1548,28,2.1,1.1356970423053905,4,1
1549,28,2.2,1.0889365847479784,7,0
1550,28,2.3,0.8174115500680107,8,1
1551,28,2.4,1.1048592435755114,11,1
1552,28,3.1,1.1571811466564959,11,1
1553,28,3.2,1.1192512587160626,5,1
1554,28,4.1,1.018321196675616,5,0
1555,28,4.2,1.1099053053465104,11,0
1556,28,4.3,1.1252042514838307,5,0
1557,28,4.4,0.766352441734853,9,1
1558,28,4.5,1.0078994527700937,6,1
1559,28,5.1,1.0345349728712225,6,0
1560,28,5.2,0.9594676936693167,9,0
1561,28,5.3,0.21470381006382755,3,1
1562,28,5.4,1.046557198979103,16,1
1563,28,5.5,1.0115008887212036,5,0
1564,28,6.1,1.0735277712023135,2,0
1565,28,7.1,1.0312152886903807,6,0
1566,28,7.2,1.1673844606862769,7,1
1567,28,8.1,0.9136655276593802,15,1
1568,29,1.1,0.7282754593322105,4,0
1569,29,1.2,0.6379473897893291,3,0
1570,29,1.3,0.7075589912420673,3,0
1571,29,1.5,1.210186910215925,3,1
1572,29,1.9,1.1114651928042127,9,1
1573,29,1.10,1.0461321576810623,8,1
1574,29,1.11,1.1669575882646388,4,0
1575,29,1.12,1.1997550045828609,4,1
1576,29,2.1,1.1179031695680353,4,0
1577,29,2.2,1.1093349150908538,7,0
1578,29,3.1,0.8491161438442749,5,0
1579,29,3.2,1.1179076990216947,5,0
1580,29,3.3,1.1093395101449088,2,0
1581,29,3.6,1.141737529546917,10,0
1582,29,3.7,1.0042143300311,8,1
1583,29,3.8,0.8190741716958375,3,0
1584,29,3.9,1.1417417137753954,3,0
1585,29,4.2,1.0462979869085764,5,1
1586,29,5.2,1.1855636806966197,2,0
1587,29,5.3,1.0954220545745383,3,0
1588,29,5.10,1.0508588361300129,7,0
1589,29,5.11,1.1158176433405447,11,0
1590,29,5.12,1.0784263800274858,5,0
1591,29,6.1,1.0772846399343332,4,1
1592,29,6.2,0.7532567022723605,5,1
1593,29,6.3,0.83566843850084,4,1
1594,29,6.4,0.8995624123207258,12,1
1595,29,6.5,1.1592749604816452,7,0
1596,29,6.6,1.0830387311138758,9,0
1597,29,6.7,1.1098234993077767,5,1
1598,29,7.1,0.6291473813487074,4,0
1599,29,8.1,1.0806580927543321,4,0
1600,29,9.1,0.8177364271033983,2,1
1601,29,9.2,1.1322776719523482,6,1
1602,29,9.3,1.0896514245834252,17,1
1603,29,9.4,0.9823412926395465,5,0
1604,29,10.1,0.7621734060695781,8,1
1605,29,10.2,1.0907577077748885,2,1
1606,29,10.7,0.874567233384302,9,1
1607,29,10.8,1.0673023535663853,4,0
1608,29,10.12,0.5787148519983194,3,1
1609,29,10.17,1.027529442197996,6,0
1610,29,11.1,1.0273343490353,5,0
1611,29,11.2,1.118748401197285,5,0
1612,29,11.3,1.0455797408738303,14,1
1613,29,11.4,1.0396489399956867,6,1
1614,29,11.5,0.9264061689677026,8,1
1615,29,12.1,1.0972786472787912,3,0
1616,29,12.2,1.0659260229476633,4,1
1617,29,12.5,0.8808805591275757,15,1
1618,29,12.6,1.1551811506364116,3,0
1619,29,12.8,1.1148535940104916,10,0
1620,29,13.1,1.0505841495060433,5,0
1621,29,13.2,1.1382404310046803,24,1
1622,29,13.3,0.8029740581850746,8,0
1623,29,13.4,0.802975500654296,1,0
1624,29,14.1,0.7033503122897697,4,0
1625,29,14.2,1.0049945943840668,3,0
1626,30,1.1,0.7782958406619809,11,1
1627,30,1.2,0.9739148521203594,5,1
1628,30,2.1,0.9488951007725382,7,0
1629,30,3.1,1.1423585410067298,4,0
1630,30,4.1,1.0119477554570238,5,0
1631,30,5.1,1.128479716646107,11,0
1632,30,5.2,0.5802606161007313,5,1
1633,30,5.3,1.11908464040429,5,1
1634,30,5.4,0.7137172882905329,9,1
1635,30,5.5,1.1098829823792005,3,0
1636,30,5.6,1.0000384920623615,17,0
1637,30,5.7,1.077849376476565,7,0
1638,30,5.8,0.7816423729895924,4,1
1639,30,5.9,1.148393636147341,7,0
1640,30,6.1,0.806769656673754,3,0
1641,30,6.2,1.1175339350214157,8,1
1642,30,7.1,0.47075799259446516,5,0
1643,30,7.2,1.0981517678517712,13,0
1644,30,7.3,0.979871729761935,8,0
1645,30,7.4,1.0958862632292075,20,0
1646,30,8.1,1.005150641650825,2,0
1647,30,8.2,1.1189247591056868,10,1
1648,30,8.3,0.9322047833954293,3,0
1649,30,8.4,1.1280958098480114,6,1
1650,30,8.5,1.0613042554781247,9,1
1651,30,8.6,0.9068356740231392,9,1
1652,30,8.7,1.160851544000594,5,1
1653,30,8.8,1.1691753772676576,5,1
1654,30,8.9,1.0792981848769485,8,1
1655,30,8.10,1.2222977491244458,8,1
1656,30,8.11,0.7670030577491392,10,0
1657,30,8.12,0.7670046202910291,2,0
1658,30,9.1,0.657465608390963,5,1
1659,30,9.2,1.1147433055696079,14,1
1660,30,9.3,1.1165777886818073,18,0
1661,30,9.4,1.125924644375045,17,0
1662,30,9.5,1.1151133153823283,13,0
1663,30,9.6,0.7570380404494563,13,0
1664,30,9.7,1.2361444073704164,20,0
1665,30,9.8,1.1138230998289655,29,0
1666,30,9.9,0.13429843294918584,5,0
1667,30,10.1,1.1403404796854342,6,1
1668,30,10.2,1.2223164216833164,6,0
1669,30,10.4,1.1738983990831775,8,0
1670,30,10.5,1.1208525147622703,4,0
1671,30,10.6,1.166589614603117,4,0
1672,30,11.1,1.1798045786233091,6,1
1673,30,11.2,0.9874560422797007,2,0
1674,31,1.1,1.094847462883681,33,1
1675,31,2.1,0.9025702515235943,6,0
1676,31,2.2,1.0270643589246653,6,1
1677,31,2.3,0.7377901034760344,12,1
1678,31,3.1,0.9549176377658479,2,1
1679,31,3.2,1.0423135229858758,15,1
1680,31,3.3,1.0699700389158693,8,1
1681,31,3.4,1.040122728323312,4,1
1682,31,3.5,1.0778737331178332,12,0
1683,31,3.6,1.0623354842660138,10,0
1684,31,4.1,1.0174481460522906,15,0
1685,31,4.2,1.0482435833170602,11,1
1686,31,5.1,1.0318579444918332,9,0
1687,31,5.2,0.9814600892570567,15,1
1688,31,5.3,0.7369618092870148,21,1
1689,31,5.4,1.0468295390398974,6,1
1690,31,5.5,0.9691896990063942,7,1
1691,31,5.6,1.0625138266518355,13,1
1692,31,5.7,1.0972573280823195,7,1
1693,31,5.8,1.0694665359694193,5,0
1694,31,6.1,0.7644959680284974,2,0
1695,31,6.2,1.0410415803067632,3,0
1696,31,6.3,1.01728217351372,12,1
1697,31,6.4,0.9343579412296172,7,1
1698,31,6.5,0.964854355799697,14,1
1699,31,7.1,1.0703659671936592,2,0
1700,31,7.2,0.8340932852219785,5,0
1701,31,7.3,0.7098595057625098,4,0
1702,31,8.1,0.9818309237454862,7,1
1703,31,8.2,0.9717503310911266,16,1
1704,31,8.3,1.0647900996384068,7,1
1705,31,8.4,0.8791190735139202,11,1
1706,31,9.1,0.9935950362623207,7,0
1707,31,9.2,1.0526314563365204,3,0
1708,31,9.3,1.1036368041769902,5,0
1709,31,9.4,1.0521366973791635,4,0
1710,31,10.1,1.0730626308853761,1,1
1711,31,11.1,1.103185538355199,6,0
1712,31,11.2,1.1115815834679523,10,0
1713,32,1.1,1.1169722385471832,12,0
1714,32,1.2,1.0933222115728078,12,0
1715,32,1.3,1.0365046216368743,8,1
1716,32,1.4,1.1414810070983916,14,1
1717,32,1.5,0.9962825927463081,10,0
1718,32,1.6,1.0135752198484445,15,0
1719,32,1.7,0.9100773328258358,12,1
1720,32,1.8,0.859415625623721,18,0
1721,32,1.11,1.1042549468914111,2,0
1722,32,2.1,1.062017128888317,13,0
1723,32,2.2,1.0135824315636364,5,1
1724,32,3.1,1.0665725177804406,3,1
1725,32,3.2,1.0532823394449213,9,1
1726,32,3.3,1.08344377618462,8,0
1727,32,3.4,1.1642465351816647,16,0
1728,32,3.5,0.8363438843629203,7,0
1729,32,3.6,1.072465282020588,22,1
1730,32,3.7,1.1071825969767433,9,1
1731,32,3.8,1.0503213581618684,12,1
1732,32,3.9,0.9831633508265583,12,0
1733,32,3.10,0.6893783542286959,8,0
1734,32,3.12,0.6818323119037889,7,1
1735,32,3.13,1.089931672114863,6,0
1736,32,3.14,1.041427096012538,6,0
1737,32,3.17,1.1420552436872529,11,1
1738,32,3.18,0.08305104190985457,7,1
1739,32,3.19,1.0632066516588279,5,0
1740,32,4.1,1.0718242195145875,4,0
1741,32,4.2,1.0681062965819828,10,0
1742,32,4.3,1.149262549644829,10,0
1743,32,4.4,1.016973250206361,4,1
1744,32,4.5,1.0232911380961103,13,1
1745,32,4.6,1.0681117158192326,5,0
1746,32,4.7,0.765632663101676,6,1
1747,32,5.1,1.0485754130041764,6,1
1748,32,5.2,0.9963177155386861,10,0
1749,32,5.3,0.7043247150557522,4,1
1750,32,6.1,1.12061474828455,2,0
1751,32,6.2,1.0022909760960426,4,0
1752,32,6.4,0.9471963030041425,10,0
1753,32,6.5,0.8712029319229393,10,0
1754,32,6.7,1.0957704738633756,17,0
1755,32,6.8,1.1078526533891484,5,0
1756,32,6.9,1.046249686102875,8,0
1757,32,6.10,1.0360645558055075,6,1
1758,32,6.11,1.098028335782157,7,0
1759,32,7.1,1.04893463495248,5,1
1760,32,7.2,0.7971169698835371,7,0
1761,32,7.3,1.0942555088728165,13,1
1762,32,7.4,1.087374459726906,5,0
1763,32,7.5,1.0007236727203668,5,0
1764,33,1.1,0.9761741108404491,4,0
1765,33,1.2,0.8956845100694333,3,0
1766,33,1.4,1.1201749474342746,3,0
1767,33,1.5,1.1460964468047659,20,1
1768,33,1.6,1.0425541808519192,10,0
1769,33,1.7,1.0373758280491483,1,0
1770,33,2.1,1.1016007930132947,4,0
1771,33,2.3,1.0547660625068958,8,0
1772,33,2.4,0.7590124842572724,9,1
1773,33,2.5,1.1290680699490796,11,1
1774,33,3.1,1.126532421324629,4,1
1775,33,4.1,1.044112805405203,4,0
1776,33,4.2,1.115283688368306,3,0
1777,33,4.3,1.0394088428562238,8,0
1778,33,4.4,1.0826314966255652,15,1
1779,33,4.5,1.1501555530278709,7,1
1780,33,4.6,1.1577825704796285,8,1
1781,33,4.7,1.1163704449581666,33,1
1782,33,5.1,1.1547101248063556,5,1
1783,33,5.3,1.1343287755759417,17,0
1784,33,6.1,1.095537007089785,4,0
1785,33,6.2,1.0121886176115453,3,0
1786,33,6.3,0.6820943670374504,3,0
1787,33,6.4,0.6820956118765813,4,0
1788,33,6.5,1.1498027978174163,8,0
1789,33,6.6,1.1160969573282842,17,1
1790,33,7.1,1.106993867995515,17,0
1791,33,8.1,1.0594464913886594,3,0
1792,33,8.2,1.080810330185666,7,0
1793,33,8.3,1.1403906105338777,4,0
1794,33,9.1,1.0856632337325602,9,0
1795,33,9.2,0.9991297463739256,14,1
1796,33,9.3,1.0614438656692067,3,1
1797,33,9.4,1.1005373382483872,17,1
1798,33,9.5,1.018782144606885,5,1
1799,33,9.6,1.1137062099818995,12,1
1800,33,10.2,1.0382307041624879,2,0
1801,33,10.3,0.6662696588163841,5,0
1802,33,10.4,1.0594566022028342,11,1
1803,33,10.5,1.0808202699979446,3,1
1804,33,10.6,1.1404007787588064,8,1
1805,33,10.7,1.0924116696464994,6,1
1806,33,10.8,1.0614527685116064,13,1
1807,33,10.9,1.115074080241036,3,1
1808,33,10.10,0.9805347668927238,5,0
1809,33,11.1,0.5752438689206383,6,0
1810,33,11.2,1.0996264801257793,8,1
1811,33,11.4,1.093384668888159,19,1
1812,33,12.1,1.1396529676520375,19,1
1813,33,12.2,1.010723569115647,20,1
1814,33,12.3,1.1146583070432603,2,0
1815,33,12.4,0.7484231215081455,5,0
1816,33,12.5,0.2538715368527207,8,1
1817,33,13.1,0.8801656905709573,5,1
1818,33,13.2,1.125855347507378,1,0
1819,33,14.1,1.1233125985116852,3,0
1820,33,14.2,0.6742645333160847,4,0
1821,33,15.1,1.01491082684353,4,0
1822,33,15.2,0.625462736468745,3,1
1823,33,15.3,1.094124920003705,9,1
1824,33,15.4,1.1419001489307616,9,1
1825,33,15.5,0.9980982873438627,4,1
1826,33,15.6,1.0149145812549292,13,1
1827,33,15.7,0.8982889372735411,3,0
1828,33,15.8,0.6254653558577778,2,0
1829,33,16.1,1.0446129374650113,9,1
1830,33,16.2,1.0826160577014905,12,1
1831,33,17.1,1.0905115850445526,3,0
1832,33,17.2,1.1548295343294268,11,1
1833,33,17.3,1.036783867145025,3,1
1834,33,17.4,0.6695542379075773,12,1
1835,33,17.5,1.0149208137927381,6,0
1836,33,17.7,0.9526750701615403,2,0
1837,33,17.8,0.8799607307198195,2,0
1838,33,17.9,0.8504123925623436,3,0
1839,33,17.10,0.6254700064454097,3,0
1840,33,17.11,1.0096565280656669,3,0
1841,33,17.12,1.1338589736723141,3,0
1842,33,17.13,0.947841186685342,9,0
1843,34,1.1,0.767348165444044,3,0
1844,34,1.2,0.25938232560398355,3,0
1845,34,1.4,0.9271663534400221,6,1
1846,34,1.5,1.168117202210424,4,0
1847,34,1.7,1.190763470065408,4,1
1848,34,1.8,0.683834384948926,5,1
1849,34,2.1,1.0625793288671135,1,0
1850,34,2.2,0.6324549783143669,14,0
1851,34,2.3,1.1543665661747475,4,0
1852,34,3.1,1.2159691107153785,19,0
1853,34,3.2,1.0553904868674482,18,0
1854,34,3.3,1.0625825780849918,9,0
1855,34,4.1,0.9354085766847536,13,1
1856,34,5.1,0.632457242082004,6,0
1857,34,5.2,1.1097654158675065,6,0
1858,34,5.3,1.1469727728334687,5,0
1859,34,6.1,1.1596960734897803,2,0
1860,34,6.2,1.224494734656469,13,0
1861,34,6.3,1.0958817769677722,1,0
1862,34,6.4,0.6503504394258421,7,0
1863,34,6.5,1.0625879851069653,5,0
1864,34,6.6,0.9969204707839696,5,0
1865,34,7.1,0.9470640502943207,5,0
1866,34,7.2,0.8890634013298053,10,0
1867,34,7.3,0.632461275678923,7,0
1868,34,8.1,1.0589339642968307,4,1
1869,34,8.2,1.209106282363169,5,1
1870,34,9.1,1.0057721077061301,4,0
1871,34,10.1,1.0221770481236234,4,0
1872,34,10.2,1.029659169598916,7,0
1873,34,10.3,1.141477899883604,12,0
1874,34,11.1,1.1489832882106412,2,0
1875,34,11.2,1.0063339908849744,3,1
1876,34,11.3,1.202746289759574,7,0
1877,34,12.1,1.1240975300725409,2,0
1878,34,12.2,1.134693562177505,6,0
1879,34,12.3,1.0648059213026164,4,0
1880,34,13.1,1.1619519542830479,19,0
1881,34,13.2,1.1891480029268378,3,0
1882,34,13.3,1.12069039296331,6,0
1883,34,13.4,1.0533593554303753,4,0
1884,34,14.1,1.1851505381833598,8,0
1885,34,14.2,1.1233984465488644,10,0
1886,34,15.1,1.160584831255275,9,0
1887,34,15.2,1.1480793410610204,8,0
1888,34,15.3,1.1315612061174454,10,0
1889,34,15.4,1.168082898960459,9,0
1890,34,15.5,1.1800101390649722,10,0
1891,34,15.6,1.117087826908933,2,0
1892,34,15.7,1.1493839288953698,14,0
1893,34,15.8,1.0491365557240229,2,0
1894,34,15.9,1.1113455008350581,4,0
1895,34,16.1,1.1896862472321579,8,0
1896,34,16.2,1.1661906067608268,8,1
1897,34,16.3,0.6203844084842692,10,1
1898,34,16.4,1.0922255157476934,7,0
1899,34,16.5,1.1457653684556925,4,0
1900,34,16.6,1.0626084340373674,2,0
1901,34,16.7,0.7438132969658515,3,0
1902,34,16.8,1.1775692716289305,5,0
1903,34,17.1,1.1812140534269764,3,0
1904,34,17.2,1.1366732634918963,0,0
1905,34,17.3,1.1736495920044367,5,0
1906,34,17.5,1.0761458691780958,5,0
1907,34,17.11,0.6743880779948096,1,0
1908,34,18.1,1.1925661113516752,4,0
1909,34,18.2,1.1796032848797986,12,0
1910,34,18.3,0.3544713567123794,3,0
1911,34,18.4,1.1900266962387716,3,0
1912,34,18.5,1.0263874300035487,5,0
1913,34,18.7,1.2011627910293545,4,0
1914,34,19.1,1.0932952959975535,1,0
1915,34,19.2,0.2736467678428786,5,0
1916,34,19.3,0.5739694401242946,10,1
1917,34,19.4,0.2736474897006752,5,1
1918,34,19.5,0.5739702385914289,2,0
1919,34,19.6,0.7502751986321118,11,1
1920,34,20.1,0.9391451145562186,6,0
1921,34,20.2,0.8124289520908352,5,0
1922,34,20.3,0.9355109158316254,11,0
1923,34,20.4,0.9272003380767291,6,0
1924,34,20.6,1.1232079950284748,3,0
1925,34,21.1,0.6274646960355048,4,1
1926,34,21.2,0.8493832484683136,5,0
1927,34,22.1,0.8209426593907728,3,0
1928,34,22.2,0.9926669621209054,9,0
1929,34,22.3,1.1134278692877386,4,1
1930,34,22.4,1.0552933677704246,8,1
1931,34,22.5,1.1079665531182108,16,1
1932,34,23.1,1.1158486279972992,9,1
1933,34,23.2,1.0443268686886582,6,0
1934,34,24.1,1.1327104447283962,3,1
1935,34,24.2,1.1569443334963827,7,1
1936,34,24.3,1.1353413517136624,9,1
1937,35,1.1,0.901121062533287,3,0
1938,35,1.2,0.8815967760783738,3,0
1939,35,1.4,1.1758976556864735,9,0
1940,35,1.5,0.6941815675544615,4,1
1941,35,1.6,0.9365042434923478,3,1
1942,35,1.7,0.8686576769244984,2,1
1943,35,1.10,0.9938630727252153,8,1
1944,35,1.13,1.1328074610114955,6,1
1945,35,1.14,1.0599208983888948,9,1
1946,35,2.1,1.1235164952785204,3,0
1947,35,3.1,1.115739777933817,8,0
1948,35,4.1,1.0384331223138599,9,1
1949,35,4.2,1.1287612628992543,4,1
1950,35,4.3,1.1422583475921844,9,1
1951,35,4.4,1.1214247798129322,5,1
1952,35,5.1,1.0824380753513643,6,0
1953,35,5.2,0.76395161206599,9,0
1954,35,5.3,1.1287707285857889,15,1
1955,35,5.4,0.5327047522547028,10,1
1956,35,6.1,1.127397092357099,9,1
1957,35,6.2,1.0824459931707482,4,0
1958,35,6.3,0.8563103452248608,13,0
1959,35,7.1,0.8563126464003261,10,1
1960,35,8.1,1.1715672427967552,6,0
1961,35,9.1,1.1208273716690964,7,1
1962,35,9.2,1.0297508865607035,8,1
1963,35,9.3,1.0714373518487208,5,1
1964,35,9.4,0.8331989017328262,8,0
1965,35,9.5,1.0297555624265697,10,0
1966,35,10.1,1.1231542712582794,2,1
1967,35,10.2,0.9587123863869678,2,0
1968,35,10.3,0.9699938283602261,9,1
1969,35,10.4,1.0466234592067463,8,0
1970,35,11.1,0.687706517049721,3,0
1971,35,11.2,0.8979902169457553,7,0
1972,35,11.3,1.004611245569445,4,0
1973,35,11.4,0.5722278218370642,6,0
1974,35,11.5,1.1782399551826304,1,0
1975,35,11.6,0.7557715616438334,9,1
1976,35,11.7,1.0785020156548812,8,0
1977,35,11.8,1.0419577687807111,4,0
1978,35,12.1,1.1791176549585871,3,0
1979,35,12.2,1.1538045456024442,11,1
1980,35,12.5,1.0598011769340987,2,0
1981,35,12.6,1.0554679131878162,9,0
1982,36,1.1,0.9157527774335296,3,0
1983,36,1.2,0.8871763020327149,3,0
1984,36,1.4,0.9075320769494912,13,1
1985,36,1.6,1.0806428660588838,7,1
1986,36,1.7,0.9594019296777329,7,1
1987,36,1.8,0.8019325133797185,10,1
1988,36,1.9,1.129531551599015,15,1
1989,36,1.10,1.1215806000955975,2,0
1990,36,1.11,1.1764674291997785,3,0
1991,36,1.12,0.23348466709029472,3,0
1992,36,2.1,0.5121301477836193,2,1
1993,36,2.2,1.1427730368754618,7,0
1994,36,2.3,1.0939656926773333,5,0
1995,36,2.4,1.1807448258248163,1,0
1996,36,3.1,0.8322068553378411,4,0
1997,36,3.2,0.8960709111209498,7,0
1998,36,3.3,1.146717262750839,1,0
1999,36,3.4,1.1959177752800412,6,1
2000,36,3.5,1.1561092967608015,5,0
2001,36,3.6,1.1817484098654125,3,0
2002,36,3.7,1.052834417523472,3,0
2003,36,3.8,1.1970785280978982,3,0
2004,36,3.9,1.156844858504341,2,0
2005,36,3.10,1.124589202446094,3,0
2006,36,3.12,1.16238892032655,5,1
2007,36,3.14,1.1940558695497172,7,1
2008,36,3.15,1.1000034770456675,3,1
2009,36,4.1,1.1144800087106252,4,1
2010,36,4.2,1.14067850738953,12,1
2011,36,4.3,0.5508104150738289,2,0
2012,36,4.4,0.7273374998543387,5,0
2013,36,4.5,1.1820195509781812,3,1
2014,36,4.6,1.1086464540131769,3,1
2015,36,4.7,1.0264739546770776,5,1
2016,36,4.8,0.9676570657652374,3,1
2017,36,4.10,0.9073812293091444,7,0
2018,36,5.1,1.0574031920965217,2,1
2019,36,5.2,1.0487766163673116,8,0
2020,36,5.3,1.16699891992879,7,0
2021,36,6.1,1.1205102053763176,4,0
2022,36,6.2,1.1583117093187338,2,0
2023,36,6.3,0.09496931157174185,3,0
2024,36,6.4,1.1963013933278508,8,0
2025,36,6.5,0.7409159098042283,10,0
2026,36,6.6,0.7757634641033662,5,1
2027,36,6.7,0.8955139188546671,9,0
2028,36,7.1,0.8872201046330008,3,0
2029,36,7.2,1.1241562866249364,11,1
2030,36,7.5,1.1384421528607662,5,0
2031,36,7.6,1.1255455377833554,9,0
